,0,1,2,3,4,5,6,7,8,9,10,11,12,13,14,15,16,17,18,19,20,21,22,23,24,25,26,27,28,29,30,31,32,33,34,35,36,37,38,39,40,41,42,43,44,45,46,47,48,49
0,0.5735578536987305,0.636731743812561,0.7654485106468201,0.7709224820137024,0.43083611130714417,-0.2425881326198578,-0.4644106328487396,0.8416847586631775,1.3149409294128418,1.523897409439087,1.2653281688690186,1.2017667293548584,1.2464067935943604,0.689576268196106,0.6833460927009583,1.1400673389434814,1.1889235973358154,1.5619175434112549,1.2129186391830444,1.2898719310760498,1.0341583490371704,0.3689565062522888,0.3742322623729706,0.7222410440444946,0.7996766567230225,0.928799033164978,1.273024082183838,0.8578164577484131,0.26547086238861084,-0.14692261815071106,0.3498459458351135,0.2146759331226349,0.001871798769570887,0.37654659152030945,0.10867652297019958,0.04057733714580536,-0.5792420506477356,-0.3068113625049591,-0.2150193154811859,0.043963730335235596,0.43661895394325256,0.34388816356658936,-0.06992464512586594,-0.3352595269680023,-0.17238205671310425,-0.16000811755657196,0.01039433479309082,0.11172084510326385,0.05664188787341118,0.0
1,0.5545873045921326,1.0225722789764404,1.1907241344451904,1.4414595365524292,0.8647103309631348,0.5129218697547913,0.3951791822910309,0.6962314248085022,1.7682682275772095,2.190744638442993,2.0479729175567627,1.3192692995071411,1.4172834157943726,0.7057145237922668,0.661383330821991,1.837365984916687,2.023519277572632,1.6327142715454102,1.3097904920578003,1.7765884399414062,1.0956017971038818,0.49666827917099,1.182060718536377,2.0186259746551514,1.7981832027435303,1.3492398262023926,1.6025036573410034,1.1721738576889038,-0.17718476057052612,0.08504167944192886,0.5913500785827637,0.5598525404930115,0.6102842688560486,1.5426883697509766,1.2319713830947876,-0.6783359050750732,-1.067457675933838,-0.7694024443626404,-0.19091209769248962,0.4180387258529663,1.7634483575820923,1.923145055770874,-0.622873067855835,-1.000679612159729,-0.6854497790336609,-0.061954814940690994,0.44079074263572693,1.3361108303070068,1.5240824222564697,0.0
2,0.4949948191642761,0.8337522745132446,0.9905867576599121,1.0638129711151123,0.6697996258735657,0.5018203854560852,0.24039781093597412,0.368377685546875,0.7128056287765503,1.170257329940796,1.2380990982055664,1.0262411832809448,0.9982295036315918,0.5180396437644958,-0.020199058577418327,0.5637664198875427,0.9245283007621765,1.2584365606307983,1.476075530052185,1.7471599578857422,0.957268476486206,-0.08488859981298447,0.2057512402534485,0.7115799784660339,1.0831778049468994,1.379515528678894,1.5019809007644653,0.8433093428611755,-0.4944922924041748,-0.6935790181159973,0.007192850578576326,-0.32909804582595825,-0.02687652036547661,0.6955097913742065,0.5504555702209473,-0.5600277185440063,-1.3325198888778687,-0.9240196943283081,-0.9955641031265259,-0.20952805876731873,0.5391047596931458,0.6418358683586121,-0.16118422150611877,-1.0274550914764404,-0.921687126159668,-0.9922836422920227,-0.4479330778121948,0.21356557309627533,0.6552196741104126,0.0
3,0.8914569616317749,1.0180610418319702,0.9014812707901001,0.5966908931732178,0.645655632019043,1.6147592067718506,1.4566563367843628,1.47625732421875,2.1440999507904053,2.0397651195526123,0.8201025128364563,0.9462262392044067,2.1447861194610596,1.8992509841918945,1.2021405696868896,1.2620981931686401,1.3169102668762207,0.46515923738479614,0.7066226005554199,1.9617866277694702,1.9821021556854248,0.9639065861701965,0.9481404423713684,1.4113314151763916,1.094611406326294,1.0817972421646118,1.7899456024169922,1.7231214046478271,0.28112584352493286,-0.12004151195287704,0.6034619212150574,0.5459497570991516,0.9936741590499878,1.9678419828414917,1.882611632347107,-0.20316332578659058,-0.6699226498603821,-0.1310829073190689,0.13203170895576477,0.42397019267082214,1.9746195077896118,1.9890544414520264,-0.06480368226766586,-0.3781549036502838,-0.7682779431343079,-0.5970818400382996,0.08973627537488937,1.5034927129745483,1.432896375656128,0.0
4,-0.9615886807441711,-0.9870505332946777,-0.04004598781466484,-0.27815449237823486,-0.5977437496185303,-0.49587282538414,-0.26129350066185,-0.2361527383327484,-0.16486209630966187,0.6263194680213928,0.16702692210674286,-0.24102406203746796,-0.6362639665603638,-0.2393779456615448,0.6606819033622742,1.3843024969100952,1.9696753025054932,1.5710774660110474,0.7647024393081665,-0.9152738451957703,-0.5640576481819153,0.9656469225883484,1.8538626432418823,2.3440260887145996,2.2376511096954346,1.4687471389770508,-0.04332858324050903,-0.18044902384281158,0.42671066522598267,1.3121213912963867,1.4755076169967651,1.6496388912200928,1.3413491249084473,0.32550734281539917,0.05527143180370331,-0.42261356115341187,-0.09262128174304962,0.35218513011932373,0.7627696394920349,0.8769041299819946,0.4250738024711609,0.12943853437900543,-0.8411135673522949,-0.516982913017273,0.23987483978271484,0.5868245959281921,0.29910340905189514,-0.12161873281002045,-0.29351040720939636,0.0
5,0.5429856777191162,0.4129273295402527,0.7012999057769775,0.3201240301132202,0.2045338749885559,0.3093952238559723,0.4358956515789032,0.7217544913291931,0.5780734419822693,0.7334379553794861,0.08936512470245361,0.1420608013868332,0.689351499080658,0.6029148101806641,0.505161702632904,0.22598452866077423,-0.33210569620132446,-0.3733863830566406,0.020591633394360542,1.2691086530685425,0.913292646408081,-0.21086493134498596,-0.7593881487846375,-0.5025994777679443,-0.4189649820327759,-0.07714342325925827,1.0880179405212402,0.7956472635269165,-0.745354413986206,-1.3920787572860718,-1.436015248298645,-1.01577889919281,-0.34203654527664185,1.210415244102478,1.1149121522903442,-1.143153190612793,-1.8797757625579834,-1.5322917699813843,-1.1146403551101685,-0.3845747411251068,1.5468542575836182,1.7996838092803955,-0.39290711283683777,-0.4498917758464813,-0.8363422751426697,-0.7130979299545288,-0.0398787297308445,1.6413482427597046,1.6192235946655273,0.0
6,0.7177947759628296,0.8437346816062927,0.5263069868087769,0.0793810710310936,-0.26591756939888,0.6956826448440552,0.807674765586853,1.2813951969146729,1.6282817125320435,1.5073570013046265,0.6465455293655396,0.6438162326812744,1.4618159532546997,1.1800599098205566,0.8648518919944763,1.025277853012085,1.0402928590774536,0.39469775557518005,0.5391803979873657,1.7192678451538086,1.3007031679153442,0.6833124160766602,0.6462719440460205,0.7765651941299438,0.7509771585464478,0.8324261903762817,1.6007813215255737,1.48231840133667,0.08176005631685257,-0.4639495015144348,0.4162040650844574,0.17033615708351135,0.5760453343391418,1.8077521324157715,1.8752713203430176,-0.07625437527894974,-0.5063974261283875,-0.42497682571411133,-0.611086905002594,0.2388584464788437,2.498671770095825,2.470632791519165,-0.005050130654126406,-0.1150776594877243,-0.2349082976579666,-0.07177988439798355,0.5233029723167419,1.988114833831787,1.7937581539154053,0.0
7,0.7750937938690186,0.6892339587211609,0.36147022247314453,0.20490406453609467,0.1282307654619217,0.19963860511779785,0.3407353460788727,0.7750763297080994,0.7663620710372925,0.39139845967292786,-0.36418116092681885,-0.08808960765600204,0.5226158499717712,0.577461302280426,0.7184770703315735,1.0998390913009644,0.9162286520004272,-0.002976799150928855,0.3715692460536957,0.7728068232536316,0.9702689051628113,0.15109248459339142,0.41567444801330566,1.2446480989456177,0.573001503944397,1.0012211799621582,1.0725406408309937,1.4342403411865234,0.15168841183185577,0.26600420475006104,0.9424664378166199,0.4470917284488678,0.9956744313240051,1.150658130645752,1.4765020608901978,-0.3921724855899811,-0.5802839398384094,-0.2687704861164093,-0.05374369025230408,0.43633314967155457,1.0781103372573853,1.6850968599319458,-0.24523518979549408,-0.81989586353302,-0.48168835043907166,-0.2775142788887024,0.13495996594429016,0.8614334464073181,1.1255097389221191,0.0
8,0.24803192913532257,0.14881861209869385,0.7577687501907349,1.0128968954086304,1.2570558786392212,0.8892977833747864,0.27668219804763794,0.4488165080547333,0.8258798718452454,1.144281268119812,1.0723252296447754,1.1862620115280151,1.4721041917800903,0.7159404158592224,0.5391646027565002,1.1323024034500122,1.1404551267623901,1.1205416917800903,1.2646456956863403,1.3904798030853271,0.860666036605835,0.5763232111930847,1.035123586654663,0.6922414302825928,0.8734931945800781,1.0468546152114868,1.13181471824646,0.706023633480072,0.7595433592796326,1.0009900331497192,0.8150516748428345,0.7144407033920288,1.1103718280792236,1.1336532831192017,0.7778435945510864,0.8633888959884644,1.1771519184112549,0.6436353325843811,0.2848884165287018,0.25494104623794556,0.9745900630950928,0.4902624785900116,0.8057499527931213,0.754687488079071,0.12538203597068787,-0.10409823060035706,-0.12472513318061829,0.2445860058069229,-0.03078117035329342,0.0
9,0.5581071972846985,0.5624006390571594,0.4832296371459961,0.5334933996200562,0.35331374406814575,0.3481048047542572,0.464743971824646,0.6375192999839783,1.0069043636322021,1.0698035955429077,0.8481758832931519,0.7263484001159668,0.9716209769248962,0.634718120098114,0.24195675551891327,0.7504661679267883,1.5176690816879272,1.6416053771972656,1.46021568775177,1.254806637763977,0.7020581960678101,0.41801199316978455,1.1859756708145142,1.9988046884536743,1.9339954853057861,1.614174485206604,1.4453635215759277,0.9004175662994385,0.47025781869888306,1.0033855438232422,1.890006422996521,1.2456566095352173,1.0461127758026123,1.385702133178711,1.3227335214614868,0.7611451745033264,0.9109005331993103,1.4807032346725464,0.3425653874874115,0.33382636308670044,1.8416566848754883,2.0892398357391357,0.4656825363636017,-0.022367926314473152,0.061866044998168945,-0.15132246911525726,0.28389835357666016,1.5622612237930298,1.6786930561065674,0.0
10,-1.1581083536148071,-0.9030341506004333,-0.027916789054870605,0.0024187834933400154,-0.25297221541404724,-0.39513930678367615,-0.1676107496023178,-1.375382661819458,-0.7320992946624756,1.0334322452545166,1.6371574401855469,1.0839638710021973,-0.09441331028938293,-0.49620336294174194,-0.5014953017234802,1.182969331741333,3.859984874725342,4.337915420532227,3.0092055797576904,1.284131407737732,-0.07210592180490494,-0.3674105405807495,2.059338331222534,4.665283203125,5.0974202156066895,3.8886735439300537,2.0782928466796875,0.47092366218566895,-0.4150189459323883,1.274427056312561,3.1491899490356445,3.7287967205047607,2.9199957847595215,1.323362112045288,0.06645034998655319,-0.6924039721488953,0.2080216109752655,1.3737801313400269,1.712517499923706,1.2952600717544556,0.16547679901123047,-0.5630002617835999,-0.5097874999046326,-0.27477210760116577,0.17334094643592834,0.15021322667598724,-0.05474662408232689,-0.48784005641937256,-0.7133909463882446,0.0
11,0.5148897171020508,0.7971277236938477,0.8781487345695496,0.7524572610855103,0.6022719144821167,0.30996590852737427,0.22852525115013123,0.8040128946304321,1.414752721786499,1.3947832584381104,0.9634440541267395,1.1569827795028687,1.3533703088760376,0.6879844069480896,0.8754200339317322,1.3525413274765015,1.6325938701629639,1.2987983226776123,1.714411735534668,1.5191259384155273,0.9327218532562256,0.852827787399292,1.5195627212524414,2.297489643096924,1.7688639163970947,1.6063700914382935,1.4887499809265137,0.6778129935264587,0.607958972454071,1.0475623607635498,1.8975340127944946,1.7427092790603638,2.0143065452575684,1.644779086112976,1.054280161857605,0.36811548471450806,0.7670605778694153,1.35618257522583,0.8964720964431763,1.0431795120239258,1.5457093715667725,1.420796275138855,-0.20199140906333923,-0.2875554859638214,0.019665900617837906,0.6373925805091858,0.7303926348686218,1.4129619598388672,1.2816704511642456,0.0
12,-0.5672496557235718,-0.2857459783554077,0.44436824321746826,0.3047431707382202,0.1795671433210373,-0.46991613507270813,-0.45184260606765747,-0.7754130959510803,-0.2986605763435364,1.2562683820724487,1.1334359645843506,0.7793411612510681,-0.6343660354614258,-0.8820096850395203,-0.04260394349694252,0.8237248063087463,2.1413052082061768,2.0643606185913086,1.7904539108276367,0.14572028815746307,-0.5574588775634766,0.023898610845208168,1.2725028991699219,2.9865474700927734,2.8951563835144043,2.1893556118011475,0.7440446615219116,-0.021141627803444862,-0.035933926701545715,1.264522671699524,2.7349610328674316,2.5780444145202637,1.9172769784927368,0.9163089394569397,0.2957659065723419,-0.24265141785144806,0.4632292091846466,1.3007011413574219,1.2661877870559692,0.9871506690979004,0.6345652341842651,0.3089451491832733,-0.38292306661605835,-0.531060516834259,-0.36437007784843445,-0.11492986977100372,-0.03145419433712959,0.08951698243618011,-0.05731946974992752,0.0
13,0.3693377375602722,0.2676404118537903,-0.11767756193876266,-0.12706980109214783,0.1557830572128296,0.9206005334854126,0.8189026713371277,0.49684858322143555,0.3685376048088074,0.02028813399374485,0.08716455101966858,0.5258243680000305,1.7091262340545654,1.420344591140747,-0.050605952739715576,-0.4553515911102295,-0.7689217329025269,-0.9518687725067139,-0.17577724158763885,1.6464544534683228,1.6065601110458374,-0.08112367987632751,-0.5058852434158325,-0.6653199195861816,-0.42158228158950806,0.05445767566561699,1.9036822319030762,1.582401156425476,-0.3483889102935791,-0.6265383958816528,-1.0152591466903687,-0.8464339375495911,0.13460025191307068,1.9202170372009277,1.9586055278778076,-0.23520736396312714,-0.49646076560020447,-0.6890916228294373,-0.2821955978870392,0.6829833388328552,2.496511459350586,2.1420435905456543,0.04852886497974396,-0.030233118683099747,-0.013802885077893734,0.17515331506729126,0.8077390789985657,1.899431824684143,1.6269052028656006,0.0
14,-0.6510642766952515,-0.8214361071586609,-0.643182098865509,-0.6024309396743774,-0.48437798023223877,-0.17670033872127533,0.06376521289348602,-0.48244205117225647,-0.5732837319374084,-0.30424174666404724,-0.2220916599035263,0.11416250467300415,0.17054125666618347,0.018515709787607193,0.768572211265564,0.9943670034408569,0.4533917307853699,0.5311839580535889,1.0284661054611206,0.7527733445167542,0.35700538754463196,1.5760215520858765,1.6841351985931396,0.9688313603401184,0.2364102005958557,0.8829895853996277,0.8167068362236023,0.5453093647956848,0.8372622728347778,0.9357549548149109,0.6858118176460266,0.1796291619539261,0.7188042402267456,0.4587852358818054,0.26890358328819275,0.9820778369903564,1.0269606113433838,1.7865625619888306,0.9980983734130859,0.9922221899032593,0.3020835220813751,-0.25418639183044434,0.23997588455677032,0.7527652382850647,1.0672684907913208,0.7771501541137695,0.4987732768058777,-0.18391777575016022,-0.5678151249885559,0.0
15,0.46920907497406006,0.7379825711250305,0.8759595155715942,0.5781282186508179,0.19393093883991241,-0.00017836212646216154,0.05759347975254059,0.8694828748703003,1.617332100868225,1.9853159189224243,1.027671456336975,0.7165185809135437,0.6177536845207214,0.45179474353790283,0.5047499537467957,1.4472079277038574,1.9153202772140503,1.7143746614456177,1.1212044954299927,0.7031075954437256,0.48907190561294556,0.4620803892612457,1.102284550666809,1.4135074615478516,1.0875836610794067,0.7997521162033081,0.7772866487503052,0.22313585877418518,0.24391278624534607,0.590092658996582,0.7791231274604797,0.29329028725624084,0.5326002240180969,1.1764285564422607,0.8715851306915283,0.3331648111343384,0.22430063784122467,-0.04937015101313591,-0.18596012890338898,0.09494320303201675,1.3743743896484375,1.540795922279358,0.1269485205411911,-0.33294859528541565,-0.8299939632415771,-0.8185217976570129,-0.18368397653102875,1.1936924457550049,1.3621412515640259,0.0
16,-1.0085362195968628,-0.7771605849266052,0.017209118232131004,-0.010301516391336918,-0.36223405599594116,-0.7397871017456055,-0.5196503400802612,-0.7984298467636108,-0.15470968186855316,1.0584853887557983,1.0517011880874634,0.907878577709198,-0.08784285187721252,-0.22406134009361267,0.2401125133037567,1.1076557636260986,1.6204016208648682,1.0681232213974,1.1680325269699097,0.4678962826728821,0.2839411497116089,0.3361475169658661,1.486040472984314,2.0496323108673096,1.4605581760406494,1.6119736433029175,1.4070812463760376,1.0206936597824097,0.12573520839214325,1.0778700113296509,1.4469445943832397,1.1914480924606323,1.41078782081604,1.1071374416351318,0.9882693290710449,-0.138527050614357,0.41305088996887207,0.6905593276023865,0.7223222851753235,0.4742055833339691,0.2497410923242569,0.4081971347332001,-0.4360927641391754,-0.22062772512435913,0.13731436431407928,0.3058871626853943,-0.1416316032409668,-0.36712414026260376,-0.28069350123405457,0.0
17,-0.4873606264591217,-0.648320198059082,-0.024530982598662376,-0.43215546011924744,-0.6474314332008362,-0.6930798292160034,-0.28036656975746155,0.06257514655590057,0.2756197154521942,0.5613090991973877,0.03963771089911461,-0.43752890825271606,-0.832091212272644,-0.5623252391815186,0.6120941638946533,1.2674185037612915,1.912709355354309,1.3937760591506958,0.9449285864830017,0.03914298117160797,-0.16407513618469238,0.9168212413787842,1.6229116916656494,2.741024971008301,2.030989170074463,1.458871841430664,0.38617467880249023,0.46941879391670227,0.5735177993774414,1.169174313545227,2.1853175163269043,1.8917112350463867,1.7357310056686401,0.6856422424316406,0.33248433470726013,0.1439768373966217,0.4504321217536926,1.1235476732254028,0.8304802775382996,1.147756814956665,0.4436263144016266,-0.20106124877929688,-0.033277470618486404,0.4207160770893097,0.8095850944519043,0.6083846092224121,0.7316439747810364,0.17535901069641113,-0.1663336306810379,0.0
18,0.868584156036377,0.7637135982513428,0.3163614571094513,0.36206504702568054,0.2593575716018677,-0.011273977346718311,0.24806973338127136,1.0460805892944336,1.062255620956421,0.3605087995529175,0.1523289978504181,-0.1234850287437439,-0.05830352008342743,0.15951301157474518,0.58892822265625,0.7885119318962097,0.6451361775398254,0.5293287038803101,0.06958925724029541,0.5755574107170105,0.5785175561904907,0.09912801533937454,0.5788060426712036,0.7009115815162659,0.506603479385376,0.08905575424432755,0.9626026153564453,0.9360340237617493,-0.4752642512321472,-0.12266125530004501,0.12802571058273315,0.15851044654846191,0.15034055709838867,1.0878219604492188,1.4472296237945557,-0.5556135177612305,-0.4089069962501526,-0.08848577737808228,-0.02150810696184635,0.5698508620262146,2.060178756713867,1.9650155305862427,-0.29936906695365906,0.03148169815540314,0.401920348405838,0.641028106212616,1.0661386251449585,1.9357630014419556,1.6716020107269287,0.0
19,0.9602575898170471,1.073291301727295,0.6908233761787415,0.7766472697257996,0.5977962613105774,0.9841242432594299,0.9315575957298279,1.4134844541549683,1.821746826171875,1.2264361381530762,0.8592744469642639,1.0712007284164429,1.4973602294921875,1.1111750602722168,1.1219662427902222,1.2864139080047607,1.046962857246399,0.7504368424415588,1.0131407976150513,1.7003705501556396,1.1354029178619385,0.5674957036972046,1.0046979188919067,1.533691644668579,1.6168246269226074,1.563765287399292,1.663453221321106,0.8946870565414429,0.01915060542523861,-0.060760557651519775,0.5303948521614075,0.8289099335670471,0.8678573966026306,1.6688534021377563,1.0440824031829834,-0.35031023621559143,-0.7909453511238098,-0.3007254898548126,0.2970338463783264,0.5413493514060974,1.8646103143692017,1.575924277305603,-0.19225627183914185,-0.7096914052963257,-0.7068285346031189,-0.47562074661254883,0.022656375542283058,1.3901301622390747,1.524207592010498,0.0
20,0.3890657126903534,0.3599146008491516,0.2441704124212265,0.33615735173225403,0.22924365103244781,0.15794554352760315,0.2938566505908966,0.6114823222160339,0.6750580072402954,0.2593252956867218,0.32593920826911926,0.3396296203136444,0.9203271865844727,0.7298859357833862,0.5789254903793335,0.6803971529006958,0.736538827419281,0.8092584609985352,0.7137206196784973,1.395772099494934,0.8185972571372986,0.5960531234741211,1.106507420539856,1.134745717048645,0.8802474737167358,0.45514431595802307,1.608422040939331,1.3101353645324707,0.6695071458816528,0.9596089124679565,1.037111759185791,0.5764143466949463,0.4517596960067749,1.5344812870025635,1.7623286247253418,0.44821086525917053,0.5623049139976501,0.2146209180355072,0.14641353487968445,0.5829417705535889,2.0805649757385254,1.9087132215499878,0.34556150436401367,0.13137216866016388,0.07957644015550613,0.06288547068834305,0.6048756837844849,1.602649450302124,1.3882876634597778,0.0
21,0.5511078834533691,0.5340399146080017,0.5817803144454956,0.5067248940467834,0.3631797730922699,0.28746598958969116,0.24674849212169647,0.8873533606529236,1.0087099075317383,0.4811304211616516,0.40044906735420227,0.8283443450927734,0.7776713371276855,0.3153848648071289,0.7627279162406921,1.1659806966781616,0.6622495055198669,0.4887979328632355,0.6129539608955383,0.5803878307342529,0.08628839999437332,0.6287416815757751,0.8374930024147034,1.0956016778945923,0.9842640161514282,0.9364727735519409,0.5744757652282715,-0.08704401552677155,0.3249659240245819,0.4490935802459717,0.7356488108634949,0.389375239610672,0.5856608748435974,0.47168058156967163,0.21844325959682465,-0.5728929042816162,-0.7722247242927551,-0.5439119935035706,-0.28781282901763916,-0.040776900947093964,0.15401993691921234,0.5188600420951843,-0.2476683408021927,-0.38875943422317505,-0.44459664821624756,-0.502642035484314,-0.3477693796157837,0.5531178116798401,0.8690212368965149,0.0
22,0.3049902617931366,0.1503037065267563,1.0271852016448975,1.5580260753631592,1.7405556440353394,1.1066375970840454,0.2555883228778839,0.48378992080688477,0.841144859790802,1.3178467750549316,1.329880714416504,1.2609180212020874,1.1578465700149536,0.5802417397499084,0.5549977421760559,1.2622454166412354,1.1514869928359985,1.1944383382797241,0.8896543979644775,1.2025623321533203,0.5237594246864319,0.7994007468223572,1.5489931106567383,0.6869182586669922,0.8936919569969177,1.0388977527618408,1.324823260307312,0.7100851535797119,0.9632019996643066,1.5637131929397583,0.9763995409011841,0.8336766362190247,1.2227641344070435,1.4182133674621582,0.7763776183128357,1.2989308834075928,1.7171483039855957,1.0423760414123535,0.6475719809532166,0.5291916131973267,1.0959131717681885,0.4678165018558502,1.1147571802139282,1.1398934125900269,0.35620662569999695,0.07178941369056702,-0.17545810341835022,0.40944966673851013,0.236809641122818,0.0
23,0.8227872848510742,1.03422212600708,0.38620397448539734,0.2416945844888687,0.5320128202438354,1.197162389755249,1.0319101810455322,1.256680965423584,1.6095504760742188,1.1950980424880981,0.08526561409235,0.5246520638465881,1.3843579292297363,1.0394892692565918,1.1457442045211792,1.2416101694107056,1.1564522981643677,0.5797062516212463,0.7309103012084961,1.3269884586334229,0.9362557530403137,1.0244306325912476,0.8235070705413818,1.0081241130828857,-0.307611882686615,0.5269513726234436,0.8056339621543884,0.7908957600593567,0.3061233460903168,-0.05899529904127121,0.5235418081283569,-0.17191924154758453,0.45280247926712036,1.0040032863616943,1.0954290628433228,-0.13752958178520203,-0.6393148899078369,-0.0632590800523758,-0.1691325604915619,0.30866196751594543,1.8170701265335083,2.0658504962921143,-0.2836926579475403,-0.5165708065032959,-0.3148864507675171,-0.15111640095710754,0.30802974104881287,1.5937193632125854,1.6377815008163452,0.0
24,0.4110315442085266,0.41639840602874756,0.5434486269950867,0.8080457448959351,0.5874301195144653,0.7577250003814697,0.5730718970298767,0.7401788234710693,0.9132406115531921,1.3254419565200806,0.8962609171867371,0.9377226233482361,1.0003494024276733,0.7173639535903931,0.8666685819625854,0.8853691816329956,1.0012484788894653,0.7223713994026184,1.2126303911209106,1.1580229997634888,1.020898461341858,0.8784731030464172,0.9975512027740479,0.9724829196929932,0.35994988679885864,0.5219579339027405,0.7498249411582947,0.6968057155609131,0.1883445829153061,0.49550363421440125,0.7033541798591614,0.308188259601593,0.4796344041824341,0.6617125272750854,0.8889890313148499,-0.22633998095989227,-0.1967872679233551,-0.2927049398422241,-0.24246105551719666,-0.1833634376525879,0.6031984090805054,0.9664148092269897,-0.477120578289032,-0.568488597869873,-0.4762580096721649,-0.49425092339515686,-0.13132506608963013,0.339100182056427,0.5844610333442688,0.0
25,0.2936055362224579,0.6236546635627747,0.9766831994056702,1.016884684562683,0.9452102184295654,0.3072151839733124,0.06655415147542953,0.5019233226776123,1.2527680397033691,1.2132718563079834,1.2418209314346313,1.501050591468811,1.2328786849975586,0.7342180013656616,0.6348587274551392,1.4470597505569458,1.3960108757019043,1.02377450466156,1.1066583395004272,1.050735354423523,0.7642112374305725,0.17073659598827362,0.6906031966209412,1.0230308771133423,0.3288257420063019,0.9434688687324524,0.7655569314956665,0.9028992056846619,-0.25190234184265137,-0.12579824030399323,0.44223976135253906,-0.11636750400066376,0.24656905233860016,0.10028455406427383,0.633171796798706,-0.9923906922340393,-1.4808855056762695,-0.9268165230751038,-1.0849047899246216,-0.4693044424057007,-0.1111721321940422,0.3781353831291199,-0.6326997876167297,-1.136935830116272,-0.6462547183036804,-0.4699963927268982,-0.2678104639053345,0.09802171587944031,0.34342116117477417,0.0
26,-0.23062480986118317,-0.0025066379457712173,0.5160609483718872,0.5005727410316467,0.20678302645683289,-0.14994622766971588,-0.17203977704048157,0.1296818107366562,0.9302066564559937,1.6442919969558716,1.1960632801055908,0.8214439749717712,0.3283812701702118,0.14237886667251587,0.43346184492111206,1.5629379749298096,2.5193498134613037,2.465824842453003,2.136435031890869,1.3362231254577637,1.0363175868988037,0.5953675508499146,2.4074575901031494,3.4430222511291504,3.4466512203216553,2.9437665939331055,2.175076723098755,1.6070663928985596,0.29310142993927,1.8264247179031372,2.8480119705200195,3.1363143920898438,2.497955799102783,1.999558687210083,1.6068562269210815,-0.08181727677583694,0.47493937611579895,0.9940011501312256,1.5120849609375,1.3950881958007812,1.897805094718933,1.5541589260101318,-0.520933985710144,-0.5663430094718933,0.028289809823036194,-0.011812418699264526,0.3339398205280304,0.6697749495506287,0.5010384917259216,0.0
27,0.9196550846099854,1.2323564291000366,0.48056483268737793,0.2362576723098755,0.14525482058525085,0.9058902859687805,0.8883848786354065,1.181716799736023,1.7129278182983398,0.41621923446655273,0.3752458393573761,0.4629993438720703,1.7221850156784058,1.2368314266204834,0.9213597774505615,0.6373403668403625,0.2106783092021942,-0.18169784545898438,-0.3286709189414978,0.9894806146621704,1.1559938192367554,0.38214418292045593,-0.5780872106552124,-0.49922582507133484,-0.61601322889328,-0.2595301568508148,1.549460768699646,1.6844309568405151,-0.14867930114269257,-1.1817090511322021,-1.2064192295074463,-0.8015785813331604,-0.09392799437046051,2.146160125732422,2.103304862976074,-0.17183643579483032,-0.8597262501716614,-1.2790151834487915,-0.9449359774589539,0.5971654653549194,2.9536681175231934,2.5718274116516113,-0.019677244126796722,-0.20406804978847504,-0.14225095510482788,0.21288715302944183,1.0872365236282349,2.1932008266448975,1.8895288705825806,0.0
28,-0.7166480422019958,-0.8072131872177124,-0.12995801866054535,0.14080928266048431,0.16596783697605133,0.19350747764110565,0.08455733209848404,-0.672839879989624,-0.4255519509315491,0.7775957584381104,0.7970573306083679,1.1363117694854736,0.7646786570549011,0.5078734159469604,0.3038693964481354,1.158155083656311,1.6896729469299316,1.1940525770187378,2.0038492679595947,1.5365811586380005,1.3495299816131592,0.607552707195282,1.331483244895935,1.7968721389770508,0.8366410732269287,2.17293381690979,2.2805206775665283,2.214046001434326,0.13860885798931122,0.9987749457359314,1.4407259225845337,1.0476853847503662,2.382530689239502,2.4302217960357666,1.712738037109375,-0.26020267605781555,-0.146104633808136,0.7712454795837402,0.6131849884986877,1.1959669589996338,1.088813066482544,0.6528695821762085,-0.2753654718399048,-0.2508482336997986,0.718375563621521,0.7615484595298767,0.4495810866355896,0.1352151483297348,-0.3343566656112671,0.0
29,0.6064652800559998,0.6829589009284973,0.8147289752960205,0.9277305603027344,0.6135320663452148,0.5373724102973938,0.42403072118759155,0.5520995259284973,1.403690218925476,0.9941360950469971,0.9258627891540527,0.6705387830734253,0.9624522924423218,0.6461761593818665,0.6669576168060303,1.264872670173645,0.921159565448761,0.7513493299484253,0.4233470559120178,1.2115354537963867,0.9131579399108887,0.9357691407203674,1.2009317874908447,0.983526885509491,0.5596719980239868,0.7345584630966187,1.1437162160873413,0.9715695977210999,0.571108341217041,0.7693583965301514,1.4096271991729736,0.8784824013710022,1.2447147369384766,1.751950740814209,1.8571410179138184,-0.2813541293144226,0.2304965704679489,0.7800073027610779,0.8315666317939758,1.2783719301223755,2.8638172149658203,3.013852119445801,-0.4920829236507416,-0.3588012456893921,0.03970355540513992,0.3323785364627838,1.040151596069336,2.411586284637451,2.3123881816864014,0.0
30,1.1307820081710815,2.0715866088867188,2.253340721130371,2.26200270652771,1.9920573234558105,2.2532238960266113,1.5722746849060059,1.70502769947052,2.833258628845215,3.0559120178222656,2.848510265350342,2.979031801223755,3.1548993587493896,2.0214126110076904,2.6109237670898438,3.3647687435150146,3.3662774562835693,1.9794312715530396,2.4217684268951416,3.0761616230010986,2.5935208797454834,2.744220018386841,3.674121618270874,3.367297887802124,2.299818277359009,1.880731225013733,2.6626126766204834,2.6722018718719482,2.539916515350342,3.260622978210449,3.1170966625213623,2.3833372592926025,2.2532308101654053,3.529510736465454,2.978121519088745,2.5462698936462402,3.5733203887939453,3.1328463554382324,2.396817922592163,2.219339370727539,3.7764928340911865,2.9637465476989746,1.513838529586792,2.1643199920654297,1.8275842666625977,1.5849950313568115,1.8320996761322021,2.721775770187378,2.114938974380493,0.0
31,0.9357368350028992,1.393599510192871,0.9579048752784729,0.7453883290290833,0.3505057394504547,0.6513599157333374,0.7796333432197571,1.5388498306274414,2.3087565898895264,1.4025481939315796,1.275469422340393,1.2181111574172974,1.7730849981307983,1.3486393690109253,1.2648359537124634,1.435990333557129,1.2776849269866943,1.3453686237335205,1.6729203462600708,2.24501633644104,1.9957958459854126,1.1520103216171265,0.664374828338623,0.6979050040245056,0.4274320900440216,1.1463242769241333,2.468336582183838,2.3112053871154785,0.7100605964660645,0.10928093641996384,-0.26886165142059326,-0.4518894851207733,0.46415936946868896,2.728886842727661,2.886281728744507,0.2920508086681366,-0.28433579206466675,-0.642881453037262,-0.7525612115859985,0.777189314365387,3.4619076251983643,3.3816170692443848,0.09736765176057816,0.1358194798231125,0.3415336012840271,0.564260721206665,1.3964929580688477,2.6712892055511475,2.413698196411133,0.0
32,0.44947174191474915,0.5132798552513123,0.8440277576446533,0.8417487144470215,0.7203484177589417,0.24982614815235138,0.035336557775735855,0.8248446583747864,1.5393376350402832,1.7145652770996094,1.107840895652771,0.9712366461753845,0.7348756194114685,0.29011788964271545,0.7656886577606201,1.5730643272399902,2.1239278316497803,1.5745832920074463,1.212673306465149,1.5824942588806152,0.8292473554611206,0.7976731061935425,1.1590360403060913,1.4712936878204346,0.7744962573051453,0.48149240016937256,1.2230682373046875,0.519273579120636,0.33656278252601624,0.42179742455482483,0.6927720904350281,0.11159813404083252,0.15478770434856415,1.2986303567886353,0.792710542678833,0.18725338578224182,-0.2972432076931,-0.9710917472839355,-1.04987370967865,-0.5766845345497131,0.8389105200767517,1.0596277713775635,0.09711271524429321,-0.5232952237129211,-1.3149710893630981,-1.1782243251800537,-0.7022875547409058,0.45575061440467834,0.8006845712661743,0.0
33,0.7750937938690186,0.6892339587211609,0.36147022247314453,0.20490406453609467,0.1282307654619217,0.19963860511779785,0.3407353460788727,0.7750763297080994,0.7663620710372925,0.39139845967292786,-0.36418116092681885,-0.08808960765600204,0.5226158499717712,0.577461302280426,0.7184770703315735,1.0998390913009644,0.9162286520004272,-0.002976799150928855,0.3715692460536957,0.7728068232536316,0.9702689051628113,0.15109248459339142,0.41567444801330566,1.2446480989456177,0.573001503944397,1.0012211799621582,1.0725406408309937,1.4342403411865234,0.15168841183185577,0.26600420475006104,0.9424664378166199,0.4470917284488678,0.9956744313240051,1.150658130645752,1.4765020608901978,-0.3921724855899811,-0.5802839398384094,-0.2687704861164093,-0.05374369025230408,0.43633314967155457,1.0781103372573853,1.6850968599319458,-0.24523518979549408,-0.81989586353302,-0.48168835043907166,-0.2775142788887024,0.13495996594429016,0.8614334464073181,1.1255097389221191,0.0
34,0.0012537498259916902,-0.042873017489910126,0.012529653497040272,0.2006278932094574,0.42666691541671753,0.5638986825942993,0.722010612487793,0.2928559482097626,0.4944813847541809,0.563041090965271,0.8421123623847961,1.2161297798156738,2.4157474040985107,2.1187045574188232,0.865530788898468,0.7819922566413879,0.3774600028991699,0.16526590287685394,1.0523180961608887,2.71429705619812,2.1021854877471924,1.1022714376449585,0.9473612308502197,0.4545240104198456,0.5942893028259277,0.7887939214706421,2.481703519821167,2.056593656539917,1.8708685636520386,1.725399136543274,0.5112810730934143,0.9883655905723572,1.415149211883545,2.736366033554077,2.297271251678467,2.140231132507324,1.9698331356048584,0.6968187093734741,1.4631164073944092,2.08188533782959,3.911604166030884,3.08792781829834,1.4660614728927612,1.586454153060913,0.46651506423950195,0.7800652384757996,1.541970133781433,2.9631967544555664,2.347252368927002,0.0
35,1.2647449970245361,1.0143986940383911,-0.11102303117513657,-0.5301209688186646,-0.3508118689060211,0.6735884547233582,1.0466901063919067,1.7073103189468384,2.029611587524414,0.42254021763801575,-0.23644836246967316,0.24219301342964172,1.5752902030944824,1.802369236946106,1.2891769409179688,1.733133316040039,0.2857501804828644,0.010172252543270588,0.6576572060585022,1.915568470954895,2.1286392211914062,0.8480279445648193,1.3820886611938477,0.7003830075263977,0.9014527201652527,1.2076646089553833,2.648055076599121,2.4079153537750244,0.218924880027771,0.11274692416191101,-0.015572424046695232,0.14178131520748138,0.787700891494751,2.0625948905944824,2.0650877952575684,0.2029404193162918,0.12265855073928833,0.27313899993896484,0.34740760922431946,1.033122181892395,2.625175952911377,2.2235307693481445,0.24396340548992157,0.36932629346847534,0.32302865386009216,0.5518953204154968,0.8464149832725525,1.6893303394317627,1.583013653755188,0.0
36,0.13859057426452637,0.1817304491996765,0.9168202877044678,1.0774405002593994,0.6349936723709106,0.10458368808031082,-0.267254114151001,0.41576531529426575,0.6716113686561584,1.2318040132522583,1.3759853839874268,1.5284948348999023,1.1189484596252441,0.2687118351459503,0.6902756094932556,1.0600510835647583,1.1097419261932373,1.284490704536438,1.2920701503753662,1.4238884449005127,0.6028832793235779,0.7487698197364807,0.7245193719863892,0.48224952816963196,0.3370361626148224,0.25499802827835083,0.6693495512008667,0.5689300894737244,0.5281539559364319,0.4490184783935547,-0.2713395953178406,-0.39308735728263855,-0.136829674243927,0.5408151149749756,0.6965869665145874,-0.0848224088549614,-0.626055896282196,-1.3204820156097412,-1.6579912900924683,-1.1400036811828613,0.7051562666893005,1.2982571125030518,-0.11934936046600342,-0.5172886848449707,-1.1166318655014038,-1.3028227090835571,-0.4943144917488098,0.9486977458000183,1.336080551147461,0.0
37,-1.2033065557479858,-1.240632176399231,-0.40665528178215027,-0.42323020100593567,-0.5625882148742676,-0.4331265389919281,-0.020992642268538475,-1.3186912536621094,-0.8175047636032104,0.7595524787902832,0.818795382976532,0.44347861409187317,0.12429609894752502,0.20666396617889404,-0.09668394923210144,0.7685907483100891,2.061631917953491,1.6684796810150146,1.3356130123138428,1.2258567810058594,0.9362361431121826,0.7536844611167908,1.8827624320983887,2.7055914402008057,2.262600898742676,1.875368356704712,2.024374485015869,1.7473938465118408,0.607885479927063,1.3651878833770752,1.911522388458252,1.921613097190857,1.7895755767822266,1.4687801599502563,0.9051534533500671,0.19379734992980957,0.5728649497032166,0.8637113571166992,1.177724838256836,0.71795254945755,0.2782042324542999,-0.04490751028060913,-0.07135441899299622,0.13259579241275787,0.6332545280456543,0.5335946679115295,0.3255596458911896,-0.3789556324481964,-0.772757351398468,0.0
38,0.8377034068107605,0.6705660820007324,0.5233973860740662,0.08931083232164383,-0.0026009874418377876,0.17187072336673737,0.2653372883796692,0.6433306932449341,0.6732613444328308,0.6137308478355408,0.04494910687208176,0.12553639709949493,0.6900282502174377,0.48951807618141174,0.5431000590324402,0.6207820177078247,0.14499571919441223,0.015479080379009247,-0.004552819766104221,1.245108723640442,1.0045816898345947,0.1424296796321869,0.30711594223976135,0.21593645215034485,-0.06452735513448715,-0.09663823992013931,1.392805814743042,0.9629250764846802,0.09615693986415863,0.0416778028011322,0.11166620254516602,-0.2967037558555603,0.011369953863322735,1.3533676862716675,1.3374905586242676,-0.5471150875091553,-0.8694981932640076,-0.3623086214065552,-0.36120477318763733,0.21740472316741943,1.7558300495147705,1.83346426486969,-0.34557104110717773,-0.48701420426368713,-0.4065152704715729,-0.11400510370731354,0.5393278002738953,1.8683171272277832,1.6910463571548462,0.0
39,-0.8055722117424011,-0.7621524930000305,-0.23508596420288086,-0.40064942836761475,-0.6008233428001404,-0.5966177582740784,-0.4115595817565918,-0.5583800077438354,-0.5403075218200684,0.4094281792640686,0.5101988315582275,0.33011260628700256,-0.2882848083972931,-0.10102176666259766,0.6413290500640869,1.3521349430084229,1.9554028511047363,1.9212615489959717,1.7953331470489502,0.5242634415626526,0.09340452402830124,1.2351627349853516,1.8142551183700562,2.234727621078491,2.09293532371521,2.4255974292755127,1.488983392715454,0.9928996562957764,0.6907601356506348,1.430892825126648,1.8899439573287964,1.4152216911315918,1.346375823020935,1.1584242582321167,0.7128580212593079,0.10926366597414017,0.7209316492080688,1.0985296964645386,0.8294843435287476,0.9984509348869324,0.798673152923584,0.3837866187095642,-0.06628440320491791,0.31058621406555176,0.6148900389671326,0.5707079768180847,0.0355256125330925,-0.06836380809545517,-0.25684425234794617,0.0
40,0.5042567849159241,0.09112384170293808,-0.21860216557979584,-0.2860744893550873,-0.06942066550254822,0.6555156111717224,0.6307228207588196,0.8971806168556213,0.7325968742370605,0.16805097460746765,-0.014247930608689785,0.4079562723636627,1.3126744031906128,1.1590969562530518,0.4896722137928009,0.5340075492858887,0.3639862537384033,0.8540698885917664,1.035640001296997,1.9487569332122803,1.2870757579803467,0.5287526249885559,0.7849433422088623,0.8543155193328857,1.5037016868591309,1.3742378950119019,2.782299757003784,1.897994875907898,0.4884464740753174,0.35814958810806274,0.2630119025707245,0.8876509666442871,1.126549243927002,2.7558107376098633,2.1084721088409424,0.7513957023620605,0.8156837224960327,0.34361204504966736,0.586618185043335,1.1335927248001099,2.869020700454712,2.3268349170684814,0.788040280342102,0.9013157486915588,0.6436565518379211,0.7041465044021606,1.1660606861114502,2.1026389598846436,1.676374912261963,0.0
41,-0.5129504203796387,-0.7609995007514954,-0.55540931224823,-0.3913547992706299,-0.06601062417030334,0.1715218722820282,-0.24121901392936707,-0.29461583495140076,-0.5136428475379944,-0.11949717998504639,0.04014509916305542,0.7029914259910583,1.2780325412750244,0.2262679636478424,0.7143970727920532,1.1488415002822876,0.5479861497879028,0.7083418369293213,1.4523776769638062,1.8462194204330444,0.8086381554603577,1.2692911624908447,1.9351459741592407,1.2591038942337036,1.2020485401153564,1.8256281614303589,2.6071624755859375,1.7062671184539795,1.0845048427581787,1.8662846088409424,1.6357226371765137,1.6052725315093994,1.9917293787002563,2.3562824726104736,1.445183515548706,0.6445817351341248,1.2976257801055908,1.767964482307434,1.3772565126419067,1.438633680343628,1.0272194147109985,0.5687862634658813,0.18240338563919067,0.4952441453933716,1.1403802633285522,0.6742927432060242,0.32960236072540283,-0.29136520624160767,-0.2883357107639313,0.0
42,-0.6493822932243347,-0.2164839506149292,0.6468104720115662,0.5318332314491272,0.13979505002498627,-0.35738834738731384,-0.22254252433776855,-0.3764537572860718,0.41195741295814514,1.9782299995422363,1.642614722251892,1.1577520370483398,-0.358100026845932,-0.6732850670814514,0.7726643681526184,1.8294873237609863,2.4089622497558594,1.6816506385803223,1.248971939086914,0.31014522910118103,-0.48537933826446533,0.761155366897583,2.3608810901641846,2.6018226146698,1.8863320350646973,1.5337437391281128,0.6596350073814392,0.1467122584581375,0.31947076320648193,1.59891676902771,1.804458498954773,1.1414986848831177,0.9776997566223145,0.1831735521554947,-0.1755344569683075,-0.3254430294036865,0.3936368525028229,1.3221584558486938,1.2774721384048462,0.8564937114715576,-0.2765675485134125,-0.8728139400482178,-0.46248748898506165,-0.37992972135543823,0.10639163106679916,0.1838776171207428,-0.011007347144186497,-0.8864593505859375,-1.0037555694580078,0.0
43,-0.6292347311973572,-0.3952914774417877,-0.003871995722874999,-0.18945364654064178,-0.5284459590911865,-0.3955521285533905,-0.32246339321136475,-0.289164662361145,0.4466671943664551,1.7588835954666138,1.2829912900924683,0.4984787106513977,-0.4367693364620209,-0.7868345975875854,0.8193901181221008,2.25595760345459,4.111003398895264,3.556881904602051,2.40018892288208,0.2562502324581146,-0.5231093764305115,1.5496418476104736,2.7680113315582275,4.514769554138184,3.6045632362365723,2.434293508529663,0.38047173619270325,-0.35572850704193115,1.4917433261871338,2.3231232166290283,3.273707389831543,2.5378172397613525,1.9242172241210938,0.30270737409591675,-0.6598511934280396,0.9535027146339417,1.1355160474777222,1.8183298110961914,1.3769530057907104,0.9929779767990112,-0.2362627238035202,-0.8381980657577515,0.48338764905929565,0.46012938022613525,0.5371233820915222,0.5875532627105713,0.10875644534826279,-0.5534589290618896,-0.5510916709899902,0.0
44,0.4789589047431946,0.5050668716430664,0.7948179244995117,0.7171115875244141,0.5315909385681152,0.3299823999404907,0.22179076075553894,0.7114774584770203,0.9624300003051758,1.200231671333313,1.0650520324707031,1.130975604057312,1.0822951793670654,1.036981225013733,0.4220072627067566,1.0994937419891357,1.3763394355773926,1.1607648134231567,1.207606315612793,1.0569934844970703,0.8515281677246094,0.3005932867527008,0.8889679908752441,1.1111607551574707,0.8379906415939331,0.8016115427017212,1.0092633962631226,0.8640096187591553,0.09131933003664017,0.36042115092277527,0.39492151141166687,-0.020211001858115196,0.0378224141895771,0.3524149954319,0.36346709728240967,-0.4681171774864197,-0.6663243174552917,-0.39090442657470703,-1.1068111658096313,-0.9332993626594543,-0.5685474872589111,0.07817831635475159,-0.49586087465286255,-1.1901240348815918,-1.0465850830078125,-0.7841219902038574,-0.8074427247047424,-0.2708567678928375,0.08568423986434937,0.0
45,0.5581071972846985,0.5624006390571594,0.4832296371459961,0.5334933996200562,0.35331374406814575,0.3481048047542572,0.464743971824646,0.6375192999839783,1.0069043636322021,1.0698035955429077,0.8481758832931519,0.7263484001159668,0.9716209769248962,0.634718120098114,0.24195675551891327,0.7504661679267883,1.5176690816879272,1.6416053771972656,1.46021568775177,1.254806637763977,0.7020581960678101,0.41801199316978455,1.1859756708145142,1.9988046884536743,1.9339954853057861,1.614174485206604,1.4453635215759277,0.9004175662994385,0.47025781869888306,1.0033855438232422,1.890006422996521,1.2456566095352173,1.0461127758026123,1.385702133178711,1.3227335214614868,0.7611451745033264,0.9109005331993103,1.4807032346725464,0.3425653874874115,0.33382636308670044,1.8416566848754883,2.0892398357391357,0.4656825363636017,-0.022367926314473152,0.061866044998168945,-0.15132246911525726,0.28389835357666016,1.5622612237930298,1.6786930561065674,0.0
46,-0.724637508392334,-0.459624707698822,0.9758485555648804,0.8652694821357727,0.371548593044281,-0.2979056239128113,-0.3397400379180908,-0.23330670595169067,0.20255349576473236,1.5436474084854126,1.3524610996246338,1.0437413454055786,-0.05507621914148331,-0.08278730511665344,0.4025711119174957,1.0761704444885254,1.5864049196243286,1.3792756795883179,1.623283863067627,0.3618677258491516,0.18624566495418549,0.47203609347343445,0.8110761642456055,0.7210325598716736,0.2707531154155731,1.3638923168182373,1.1414461135864258,0.8271569013595581,-0.05704137310385704,0.34642520546913147,0.6775223016738892,0.376963347196579,1.4304157495498657,1.153395175933838,0.6887081861495972,-0.8309587240219116,-0.3733717203140259,0.929358959197998,0.8623740673065186,0.9053335785865784,0.44153064489364624,0.11818692833185196,-1.0234185457229614,-0.6937947869300842,0.5116103291511536,0.40686336159706116,0.1782495081424713,-0.49270200729370117,-0.41530174016952515,0.0
47,0.18974989652633667,-0.029732730239629745,0.0383770726621151,-0.04448357969522476,0.01909879595041275,0.5357938408851624,0.44747665524482727,0.39751845598220825,0.42646855115890503,0.24983014166355133,0.32043391466140747,0.5682094097137451,1.4146250486373901,0.7557016611099243,0.2969662845134735,0.6167780160903931,0.6984297633171082,0.991479218006134,1.1083946228027344,1.49967360496521,0.9505171775817871,0.4489351212978363,1.2862077951431274,1.456695556640625,1.1190643310546875,1.033939242362976,1.6919934749603271,1.2125533819198608,0.2772148549556732,0.9170405864715576,1.268239974975586,1.1156479120254517,0.7021313905715942,1.6763554811477661,1.6075382232666016,0.440541535615921,0.5412960052490234,1.0900557041168213,1.197104811668396,1.7476714849472046,2.4986274242401123,2.3265414237976074,0.049676671624183655,-0.0028718963731080294,0.5648254156112671,0.9118895530700684,1.445942759513855,2.296872138977051,2.0615530014038086,0.0
48,0.9774209260940552,1.6183160543441772,1.7550163269042969,1.6614583730697632,1.7327781915664673,1.9857245683670044,1.4675968885421753,1.3912113904953003,2.136763334274292,2.897731065750122,3.474374532699585,3.762860059738159,3.9627087116241455,2.2670772075653076,1.9834957122802734,2.7122528553009033,3.188868522644043,3.599004030227661,4.408647537231445,5.519739627838135,3.892930507659912,2.4062933921813965,3.1450798511505127,2.9399797916412354,3.996541738510132,4.178123474121094,5.8406147956848145,4.214976787567139,2.440648078918457,3.301718235015869,3.274970769882202,4.135695457458496,4.4173173904418945,6.018394470214844,4.518403053283691,2.7055392265319824,3.6856772899627686,2.995086669921875,2.762251853942871,2.837430953979492,4.595364570617676,3.927638292312622,1.7166484594345093,2.3584558963775635,1.9199154376983643,1.9181910753250122,2.0928657054901123,3.151820659637451,2.4083261489868164,0.0
49,0.3917744755744934,0.4754224419593811,1.0217736959457397,1.412183165550232,1.1740919351577759,0.6485713720321655,0.3754979968070984,0.5819437503814697,0.7260409593582153,0.8342447876930237,0.8365185856819153,1.2884633541107178,1.3144443035125732,0.7646170258522034,0.7536198496818542,1.0429030656814575,0.8219515085220337,0.5339296460151672,0.6168291568756104,0.6075247526168823,0.7615770101547241,0.7991704344749451,1.0671017169952393,0.5849466919898987,0.24019579589366913,0.2767925262451172,0.28394076228141785,0.5621539950370789,0.6903145909309387,0.8532272577285767,0.18035896122455597,-0.14168620109558105,0.20199230313301086,0.39154383540153503,0.8614296913146973,0.09699378907680511,-0.258719801902771,-0.5154577493667603,-0.7578466534614563,-0.2976822257041931,0.7528160810470581,1.316877007484436,-0.1264152228832245,-0.4557831287384033,-0.4312332570552826,-0.8601263165473938,-0.3714524209499359,0.9277815222740173,1.053597331047058,0.0
50,1.205224871635437,0.8499566316604614,0.47755855321884155,0.035639576613903046,0.2223176658153534,1.0389419794082642,0.7803279757499695,1.3562002182006836,1.2814642190933228,0.6901416778564453,0.20067483186721802,0.5019631385803223,1.557515263557434,1.0359513759613037,0.8769630789756775,0.8095084428787231,-0.3233308792114258,-0.6025063991546631,-0.147708922624588,1.131402850151062,1.179677128791809,0.3063514232635498,0.23302944004535675,-0.20914140343666077,-0.6017176508903503,-0.513198733329773,0.896306037902832,1.2842336893081665,-0.24317368865013123,-0.406908243894577,-0.16220919787883759,-0.555120050907135,-0.36398446559906006,1.185155987739563,1.5961576700210571,-0.4110320210456848,-0.4279153347015381,-0.38678476214408875,-0.5210445523262024,0.14794117212295532,1.8809236288070679,1.792028784751892,0.08109187334775925,0.06185121834278107,0.058148663491010666,0.14547333121299744,0.5936183929443359,1.6280550956726074,1.4511432647705078,1.0
51,1.2222405672073364,1.498849630355835,0.5473856925964355,0.21300309896469116,0.19488242268562317,0.7391329407691956,0.6816721558570862,1.3646904230117798,1.8614346981048584,0.8358895778656006,0.361131876707077,0.5451546311378479,1.4410738945007324,1.0387578010559082,0.8519647717475891,0.9706294536590576,0.677422285079956,0.04712974652647972,0.11409715563058853,1.404935598373413,1.047956943511963,0.4453544020652771,0.14310427010059357,0.1446579396724701,0.10029330849647522,0.35469868779182434,1.2949306964874268,1.181751012802124,-0.017498359084129333,-0.6478788256645203,-0.5331559181213379,-0.32382479310035706,0.3100363612174988,1.5671052932739258,1.5501844882965088,-0.165422722697258,-0.948797345161438,-0.990999698638916,-0.8504546284675598,0.3138613700866699,2.6188063621520996,2.625437021255493,0.14673221111297607,-0.06682746857404709,-0.0031008345540612936,0.17727063596248627,0.7410629391670227,2.183793306350708,1.8743022680282593,1.0
52,-0.7169859409332275,-0.30372756719589233,0.5328641533851624,0.5482298731803894,-0.018064457923173904,-0.15466487407684326,-0.1715782731771469,-0.09656025469303131,1.0884721279144287,1.8523198366165161,2.2820541858673096,1.5057456493377686,0.8006053566932678,0.03179753199219704,1.1307120323181152,2.0934224128723145,1.8738380670547485,2.0651962757110596,1.9025511741638184,1.5858403444290161,0.4217309355735779,1.4987139701843262,1.8180145025253296,0.8994908332824707,1.0916035175323486,1.764858365058899,1.6527531147003174,1.0547138452529907,0.8849188089370728,1.237594723701477,0.4514288306236267,0.06831099838018417,0.725441575050354,0.9905340075492859,0.6608587503433228,-0.24320153892040253,0.13473328948020935,0.576124370098114,0.12019671499729156,0.6203750967979431,0.0628262609243393,-0.23918111622333527,-0.31455740332603455,0.11195377260446548,0.5779410004615784,0.414686381816864,0.1258901208639145,-0.5414519309997559,-0.767261803150177,1.0
53,1.0936607122421265,0.9792032241821289,0.38899558782577515,-0.00532118882983923,0.37886518239974976,0.912677526473999,0.9091721177101135,1.5471996068954468,1.7059239149093628,0.8689804673194885,0.12051763385534286,0.6884843707084656,1.727257490158081,1.380448818206787,1.4625035524368286,1.7413842678070068,0.8532383441925049,0.5567346811294556,0.8474100232124329,1.5042996406555176,1.3019851446151733,1.0640639066696167,1.0367673635482788,0.7942655682563782,0.7597600817680359,1.07291841506958,1.790231704711914,1.5203192234039307,0.3797987103462219,-0.04377441108226776,0.17721308767795563,-0.1561829149723053,0.4610728621482849,1.7709400653839111,1.8868693113327026,-0.0652536004781723,-0.4066878855228424,-0.2836456894874573,-0.41178444027900696,0.4964936673641205,2.656526565551758,2.7404167652130127,0.08264509588479996,-0.08475963026285172,-0.176854208111763,-0.000743867305573076,0.5020202398300171,2.2617523670196533,2.094592571258545,1.0
54,-0.9130138158798218,-0.7670138478279114,0.34674087166786194,1.2310757637023926,1.2752325534820557,0.40707066655158997,-0.15946592390537262,-0.9612475633621216,-0.44557926058769226,1.2306817770004272,2.4050841331481934,2.5937483310699463,1.652398943901062,0.4324021637439728,0.10331321507692337,1.0391966104507446,2.2097673416137695,3.1403210163116455,3.1472411155700684,3.1107234954833984,1.273364543914795,0.47254812717437744,1.3616077899932861,2.04891037940979,2.8167765140533447,2.886291265487671,2.718681573867798,1.5596437454223633,-0.09151866286993027,0.6226813793182373,1.3185607194900513,2.053826093673706,1.9884593486785889,2.239226818084717,1.1877262592315674,-0.33543920516967773,0.05488560348749161,0.8111863136291504,1.3075401782989502,1.4491398334503174,1.5187433958053589,0.6069973707199097,-0.3177861273288727,-0.3481510281562805,0.4644838273525238,0.8890824913978577,1.1655739545822144,0.755547821521759,0.3304833173751831,1.0
55,-0.7582023739814758,-0.837415337562561,-0.5660530924797058,-0.21216745674610138,-0.10049815475940704,-0.1798812597990036,-0.2839098274707794,-0.4778275489807129,-0.21593618392944336,0.5003485679626465,0.7652859687805176,0.6290572285652161,0.31563204526901245,-0.1408194601535797,0.7208989858627319,1.6992121934890747,1.9991666078567505,1.8254362344741821,1.5454890727996826,1.4012537002563477,0.6752824187278748,0.895305871963501,1.9031977653503418,2.274858236312866,1.7696727514266968,1.5207399129867554,1.7685617208480835,1.263521671295166,0.4007711112499237,0.9673945903778076,1.2116191387176514,0.706885039806366,1.113059401512146,0.9573168754577637,0.6052733659744263,-0.21195325255393982,-0.12170417606830597,0.2938031256198883,0.2721182405948639,1.0133564472198486,0.4744308888912201,0.2157261222600937,-0.5060058236122131,-0.6679269671440125,-0.14072170853614807,-0.22230935096740723,0.1449557989835739,-0.269024133682251,-0.33080586791038513,1.0
56,0.4914756417274475,0.2692039906978607,0.2315303385257721,0.2251979410648346,0.4689826965332031,0.8537644743919373,0.6724810004234314,1.0787068605422974,1.098547339439392,0.4420306980609894,0.33176183700561523,0.45664045214653015,1.0840681791305542,0.8503973484039307,1.043989658355713,1.2950793504714966,0.6330055594444275,0.392345130443573,0.20687538385391235,0.6941675543785095,0.683651864528656,0.42937347292900085,0.541644811630249,0.7550471425056458,0.849638044834137,0.7567487359046936,1.0486100912094116,0.8918114900588989,-0.06238115578889847,-0.34201085567474365,-0.06305930018424988,0.14086204767227173,0.7750354409217834,1.4011039733886719,1.7036817073822021,-0.5664012432098389,-1.2373350858688354,-0.8972524404525757,-0.5760000348091125,0.5147985219955444,2.225130081176758,2.2750754356384277,-0.43940696120262146,-0.7485470175743103,-0.7483201622962952,-0.45036399364471436,0.30113211274147034,1.8684786558151245,1.7899786233901978,1.0
57,-0.3444420099258423,-0.4650810956954956,-0.20023445785045624,-0.3195214569568634,-0.5330148339271545,-0.28757086396217346,-0.11721263825893402,0.358253538608551,0.7196333408355713,1.169604778289795,0.8803628087043762,0.3949015438556671,0.2904052734375,0.13095726072788239,1.4112597703933716,2.293727397918701,2.2083442211151123,1.3532382249832153,1.1737436056137085,0.3161413371562958,-0.0013481627684086561,1.6778560876846313,2.5938844680786133,2.511615514755249,1.636101484298706,1.4964184761047363,0.4309333562850952,0.04295574128627777,0.7960200309753418,1.5854655504226685,1.9543968439102173,2.055206775665283,1.7435493469238281,0.3644053339958191,-0.06636635959148407,0.06606648117303848,0.7342578768730164,1.671068787574768,1.6546921730041504,1.0172744989395142,-0.03089079260826111,-0.16752518713474274,-0.28291505575180054,0.08447972685098648,1.0891916751861572,0.9998804926872253,0.5583435893058777,-0.15100444853305817,-0.23818440735340118,1.0
58,-0.766461193561554,-0.5931573510169983,0.02510981261730194,0.11186454445123672,-0.23816925287246704,-0.4373083710670471,-0.20621822774410248,-0.11208851635456085,0.12279210239648819,0.3979708254337311,0.2876559793949127,-0.4663754403591156,-0.9930959343910217,-0.5296700596809387,0.9174411296844482,1.74037504196167,1.2747881412506104,1.2050946950912476,0.37071189284324646,-0.7545397877693176,-0.7138203382492065,1.3890382051467896,1.9615548849105835,1.3575522899627686,0.9764871597290039,0.6243799924850464,-0.4329504668712616,-0.6355175971984863,0.8116635680198669,1.5386184453964233,1.1764861345291138,0.985866904258728,0.7552178502082825,0.21836237609386444,-0.10329081863164902,0.40377601981163025,0.8343019485473633,1.152928352355957,1.0999692678451538,1.1222660541534424,0.7798509001731873,0.4409099519252777,0.2594541013240814,0.6273881196975708,0.9972899556159973,0.9233015179634094,0.8100602030754089,0.3528507649898529,0.24791057407855988,1.0
59,-1.0417219400405884,-1.1073029041290283,-0.5119107961654663,-0.3999572694301605,-0.527219295501709,-0.7058559656143188,-0.6002142429351807,-0.9282475113868713,-0.9436872601509094,0.2369133085012436,0.18725018203258514,0.27033257484436035,-0.4158138930797577,-0.4409603476524353,-0.025523044168949127,0.6231361627578735,1.4805773496627808,1.0591809749603271,0.9581732749938965,0.8015846610069275,0.3233007490634918,0.42117470502853394,1.146852731704712,2.0190625190734863,1.6202226877212524,1.6619306802749634,1.6239228248596191,1.0365808010101318,0.07951320707798004,0.6233264207839966,1.515276312828064,1.4454797506332397,1.8453103303909302,1.4682148694992065,0.6426920294761658,-0.27819061279296875,-0.24014052748680115,0.22693359851837158,0.5241900682449341,0.7896031737327576,-0.013697776012122631,-0.7911297678947449,-0.47762253880500793,-0.6262950897216797,-0.15513113141059875,-0.2138645499944687,-0.01463057566434145,-0.5944451689720154,-0.8257409930229187,1.0
60,0.8429990410804749,0.7477470636367798,0.5997690558433533,0.29547595977783203,0.18004430830478668,0.7965282797813416,0.8915528059005737,0.8594748377799988,0.8890240788459778,0.7382678389549255,0.26828956604003906,0.3612702786922455,1.2375215291976929,1.0923316478729248,0.4869508147239685,0.38774392008781433,0.5020968914031982,0.3313135504722595,0.3554501235485077,1.1326055526733398,1.0716592073440552,0.5002533197402954,0.7184091210365295,1.1503289937973022,0.5904681086540222,0.6275299191474915,1.4373705387115479,1.101754069328308,0.2840074598789215,0.2077377587556839,0.9466928243637085,0.6834337711334229,1.0102124214172363,1.9403574466705322,1.515843152999878,0.09031154215335846,-0.5355219841003418,0.32879340648651123,0.38345015048980713,0.9521852135658264,2.5161116123199463,2.384596586227417,0.03317905589938164,-0.47761037945747375,-0.4688105881214142,-0.2934028208255768,0.41778817772865295,1.904644250869751,1.7377461194992065,1.0
61,1.2556086778640747,1.4514870643615723,0.5546953678131104,0.13282300531864166,0.15174920856952667,0.3986189663410187,0.5569577217102051,1.4799418449401855,1.9124318361282349,0.8304233551025391,0.5069278478622437,0.5363284945487976,1.0899525880813599,0.8831971883773804,0.9254778623580933,0.9274412393569946,0.7190674543380737,0.20174777507781982,0.1505206674337387,0.9705421924591064,0.8566364645957947,0.28811243176460266,-0.16330432891845703,0.12049321085214615,0.336407333612442,0.6079621315002441,1.2081193923950195,1.0463563203811646,-0.2164732813835144,-0.7468650937080383,-0.18978339433670044,-0.13458925485610962,0.43981918692588806,1.1754696369171143,1.093287467956543,-0.18404453992843628,-0.8424609303474426,-0.7760319113731384,-0.6520962119102478,0.09527017176151276,1.699637770652771,1.7635622024536133,0.2199825942516327,0.09058871865272522,0.25300487875938416,0.39363518357276917,0.6973169445991516,1.6914342641830444,1.4768270254135132,1.0
62,0.5222830772399902,0.5711321830749512,0.3332873284816742,0.24952508509159088,0.3829946219921112,0.9468364119529724,0.878197431564331,0.49954140186309814,1.2432888746261597,0.82093745470047,0.6873854398727417,0.7070676684379578,1.444722294807434,1.2958804368972778,0.3355715572834015,1.23981511592865,1.1200753450393677,1.0368728637695312,1.0295746326446533,1.8627692461013794,1.5805269479751587,0.0744643583893776,0.24662260711193085,0.39437687397003174,0.38071829080581665,0.5755387544631958,1.4027427434921265,1.6031570434570312,-0.3951316475868225,-0.6298115253448486,-0.5320483446121216,-0.04815845936536789,0.4517239034175873,1.657593011856079,1.8078168630599976,-0.8642506003379822,-1.4860467910766602,-1.10577392578125,-0.23837289214134216,0.8605600595474243,2.3894529342651367,2.1521639823913574,-0.5575586557388306,-1.0538111925125122,-0.9694998860359192,-0.4173547327518463,0.45034676790237427,1.7572258710861206,1.6639368534088135,1.0
63,0.2589663565158844,-0.09247075766324997,0.16904160380363464,0.1035219207406044,0.1990872323513031,0.46340519189834595,0.5794963836669922,0.15867333114147186,0.22464805841445923,0.5960583090782166,0.5300728678703308,0.666987955570221,0.9672524333000183,0.5974586009979248,0.032094765454530716,0.33108529448509216,0.7493088245391846,0.8734466433525085,0.9067310690879822,1.4658203125,0.9203542470932007,-0.02993711642920971,0.15726667642593384,0.5559162497520447,0.3535608947277069,0.6468769311904907,1.449347734451294,1.179265022277832,-0.3162522315979004,-0.35756590962409973,0.43650704622268677,0.20146623253822327,0.6021986603736877,1.594741940498352,1.5482585430145264,-0.06371978670358658,-0.5828850865364075,0.1644485592842102,0.28812864422798157,0.9716815948486328,2.469849109649658,2.130937337875366,0.13190343976020813,-0.10815844684839249,-0.30968570709228516,-0.020360812544822693,0.5851632356643677,1.7335715293884277,1.6071122884750366,1.0
64,1.1438878774642944,1.2783645391464233,0.6778417825698853,0.25013962388038635,0.5370455384254456,1.566925287246704,1.3586535453796387,1.4993431568145752,2.061475992202759,1.195131778717041,0.7375444769859314,1.2093020677566528,2.6978354454040527,2.0944912433624268,1.4362711906433105,1.3911890983581543,0.694748044013977,-0.002487071556970477,0.40171924233436584,2.4516804218292236,2.125166177749634,1.1445194482803345,0.5287310481071472,-0.2619163393974304,-0.11391891539096832,0.3337561786174774,2.665670871734619,2.279108762741089,0.9091206192970276,-0.02892443537712097,-1.0988812446594238,-0.5936766266822815,0.6688401103019714,3.1334238052368164,2.7085061073303223,0.964596152305603,0.7592772841453552,-0.6598671674728394,-0.2409091740846634,1.0364702939987183,3.411512613296509,3.1350748538970947,0.5924022197723389,0.5300947427749634,0.26521703600883484,0.5220748782157898,1.5746668577194214,2.6573612689971924,2.2592110633850098,1.0
65,0.7242002487182617,0.7954456806182861,0.6943903565406799,0.6093948483467102,0.5172276496887207,0.8381759524345398,0.7182925343513489,0.609348475933075,0.5384481549263,0.3362226188182831,0.08545243740081787,0.3578340411186218,1.069075107574463,0.9736668467521667,0.6176163554191589,1.1243141889572144,0.4951893389225006,-0.04954087361693382,-0.051488012075424194,0.8103421926498413,0.7515227198600769,0.7864736318588257,1.182210922241211,1.0525500774383545,0.4925917088985443,0.1484249383211136,0.7069337368011475,0.7027756571769714,0.2454407513141632,0.9590417146682739,0.9806103110313416,0.680131733417511,0.7969029545783997,1.5407757759094238,1.4747322797775269,-0.20409081876277924,0.15446671843528748,0.5053516030311584,0.18639075756072998,0.7093076705932617,2.4138686656951904,2.2722184658050537,-0.37432029843330383,-0.4988347291946411,-0.10621850937604904,0.11592651903629303,0.47128215432167053,1.8603471517562866,1.6839369535446167,1.0
66,0.4808557629585266,0.7694765329360962,1.1052907705307007,0.757093071937561,0.4778796434402466,0.4189114570617676,0.17219999432563782,0.5661773681640625,1.038955569267273,0.8700098991394043,0.6952533721923828,0.7839695811271667,0.8853026628494263,0.4242372214794159,0.6402965784072876,0.8140490651130676,0.35276585817337036,0.3402339518070221,0.5668521523475647,1.0104459524154663,0.6464983820915222,0.39228570461273193,0.27836453914642334,0.12062450498342514,0.1765926331281662,0.4805513322353363,1.0242923498153687,0.9241068959236145,0.1409107744693756,-0.3550102412700653,-0.27816450595855713,-0.3214767575263977,0.8418166041374207,1.2962713241577148,1.3753353357315063,-0.5036839842796326,-1.1831759214401245,-0.9725165963172913,-0.6927042007446289,0.056242384016513824,1.9166311025619507,2.1947638988494873,-0.6567765474319458,-0.7025635242462158,-0.5714458227157593,-0.5906383395195007,0.04637791961431503,1.5717099905014038,1.5398021936416626,1.0
67,-1.1159669160842896,-1.3835840225219727,-0.4932953417301178,-0.35153159499168396,-0.2665401101112366,-0.023697504773736,0.08831310272216797,-1.5895155668258667,-1.3445109128952026,0.5623525381088257,0.950745165348053,1.1683143377304077,0.7392528653144836,0.5278182625770569,-0.5093004107475281,0.6513243913650513,2.477341651916504,2.2183425426483154,2.0784199237823486,2.08319354057312,1.4111616611480713,0.2091335505247116,1.6779836416244507,3.3061537742614746,2.7091407775878906,3.3552727699279785,2.8741540908813477,2.004969596862793,-0.006856185849756002,1.0876532793045044,2.8214223384857178,2.363891124725342,2.748318910598755,2.4598729610443115,1.8262486457824707,-0.43710803985595703,0.06652772426605225,1.1522276401519775,0.9846174120903015,1.235131859779358,1.4920563697814941,1.1791971921920776,-0.6321616768836975,-0.6358129382133484,-0.0565965510904789,0.16610275208950043,0.32956790924072266,0.2532564699649811,0.10329002141952515,1.0
68,0.9049248099327087,1.197548270225525,0.7133868932723999,0.4183671474456787,0.514853835105896,1.103327989578247,0.9396437406539917,1.4596952199935913,1.8320069313049316,0.9840453267097473,0.11664524674415588,0.692779541015625,1.8682225942611694,1.4987212419509888,1.1533595323562622,1.1084898710250854,1.1104098558425903,0.4405611455440521,0.7470012903213501,1.3754059076309204,1.1596388816833496,0.6923474073410034,0.5048127174377441,0.5453038811683655,0.38244345784187317,0.8201951384544373,2.023627758026123,1.556574821472168,0.3769373893737793,-0.031112341210246086,0.020932884886860847,-0.6853735446929932,-0.28054091334342957,1.2384350299835205,1.4444692134857178,0.6075735688209534,-0.21188321709632874,-0.7226283550262451,-1.5145926475524902,-1.0092037916183472,1.1233781576156616,1.5267919301986694,0.4444538950920105,-0.16294915974140167,-0.49699196219444275,-1.0263824462890625,-0.3403822183609009,1.0704010725021362,1.4599061012268066,1.0
69,-0.6292551755905151,-0.5349646210670471,-0.02269144542515278,-0.13814154267311096,-0.36054855585098267,-0.36847060918807983,-0.13798385858535767,-0.26410019397735596,0.381721556186676,0.6081491708755493,0.6274975538253784,0.5275053977966309,-0.03140011429786682,-0.0441242940723896,0.9828723669052124,2.045358896255493,1.2177904844284058,1.2701455354690552,1.370735764503479,0.41018667817115784,-0.13050487637519836,0.9405953288078308,1.8043179512023926,1.3732153177261353,1.3703912496566772,1.6224366426467896,0.8466338515281677,-0.06087776646018028,-0.10639908164739609,0.40582725405693054,0.641864538192749,0.9486662149429321,1.1657525300979614,0.35749873518943787,-0.21259965002536774,-0.9780110716819763,-0.6573513150215149,0.529994547367096,0.43881136178970337,0.8688334226608276,-0.10906779021024704,-0.24646806716918945,-1.0010851621627808,-1.3023604154586792,0.1093614250421524,-0.12634482979774475,0.08824314177036285,-0.27262744307518005,-0.05835165083408356,1.0
70,0.2907358407974243,0.48211222887039185,1.3788212537765503,1.7237595319747925,1.281808853149414,0.3906508684158325,0.11496596783399582,0.6155844330787659,1.3137695789337158,1.6756901741027832,1.6514689922332764,1.5220071077346802,1.2226632833480835,0.483188658952713,0.40540313720703125,1.223561406135559,1.767313003540039,1.8839558362960815,1.350660800933838,1.4342701435089111,0.6861501932144165,0.25683459639549255,0.69905686378479,1.2407914400100708,1.3758766651153564,1.483306884765625,1.639477014541626,0.9293209910392761,-0.12955057621002197,-0.27973073720932007,0.23735852539539337,0.46898409724235535,0.9925798773765564,1.6417102813720703,1.3232061862945557,-0.337354451417923,-0.6062949895858765,-0.1082623228430748,0.24735644459724426,1.046675205230713,2.245769739151001,2.073251485824585,-0.2323426902294159,-0.4639105498790741,-0.5082994103431702,-0.2804761826992035,0.4392732083797455,1.6025018692016602,1.5449652671813965,1.0
71,1.371768593788147,1.686037540435791,1.1411179304122925,0.8508402705192566,0.6497933864593506,1.2331265211105347,1.0604115724563599,2.0387139320373535,2.6151540279388428,1.7821812629699707,1.7443777322769165,1.4469478130340576,2.3853259086608887,1.6546155214309692,1.0555475950241089,1.2237101793289185,0.6530007123947144,0.861656129360199,1.0885350704193115,2.078066110610962,1.8209176063537598,0.12128790467977524,0.3282508850097656,0.2056732177734375,0.6696696281433105,0.7676309943199158,2.2770333290100098,1.927628517150879,-0.27911728620529175,-0.4966028332710266,-0.29091882705688477,0.2413269281387329,0.9328123331069946,2.722557306289673,2.4799489974975586,0.186258465051651,0.03194176405668259,-0.3890877366065979,0.013313475996255875,0.8377822637557983,2.9795172214508057,2.718324661254883,0.48524925112724304,0.5726378560066223,0.2799232602119446,0.3270713686943054,0.7092127799987793,1.9908150434494019,1.885047197341919,1.0
72,1.1952940225601196,1.666770339012146,1.7649178504943848,2.088236093521118,2.0935988426208496,2.3621087074279785,1.4642069339752197,1.7376680374145508,2.2590744495391846,1.914746642112732,2.3169655799865723,2.6006219387054443,4.525163173675537,2.734969139099121,1.9238017797470093,1.6773532629013062,1.3563872575759888,1.8415353298187256,2.490644693374634,4.582964897155762,3.2951953411102295,1.6603492498397827,1.2251979112625122,0.48093897104263306,0.837807297706604,2.152414083480835,4.241121292114258,3.046797275543213,1.584336519241333,1.5510613918304443,0.8861287236213684,1.2025004625320435,2.073070764541626,3.8638293743133545,3.0289413928985596,1.6059242486953735,1.5285146236419678,0.6670023202896118,0.8522959351539612,2.0024688243865967,3.7772557735443115,3.160405397415161,1.0544300079345703,1.108988881111145,0.6910954117774963,0.6593211889266968,1.046185851097107,2.449737787246704,2.238563299179077,1.0
73,0.20234273374080658,0.18529081344604492,0.5963003635406494,0.6382554173469543,0.39661404490470886,0.09052252769470215,-0.034730177372694016,0.2370215654373169,0.6498948931694031,1.0639251470565796,1.3914616107940674,1.1305818557739258,0.9867594242095947,0.4196786880493164,0.3875463008880615,1.0525602102279663,1.8226637840270996,1.4186875820159912,1.137976884841919,0.608749270439148,0.1968797892332077,0.3757380247116089,1.1315014362335205,1.7324137687683105,0.9787377715110779,0.4549722671508789,0.11913374066352844,-0.0071320487186312675,-0.24131831526756287,-0.1982080340385437,0.12988002598285675,-0.5683688521385193,-0.8233911395072937,-0.21465429663658142,0.3377912938594818,-1.0381088256835938,-1.4512516260147095,-1.2320019006729126,-1.49840247631073,-1.5043975114822388,-0.2659442722797394,0.670647919178009,-0.9403978586196899,-1.3408939838409424,-1.2789247035980225,-0.8790525197982788,-0.8868252635002136,0.3204743266105652,0.7276782989501953,1.0
74,0.6454269289970398,0.5407724976539612,1.0184096097946167,0.9302634000778198,0.9269848465919495,0.5810778141021729,0.3532050549983978,0.8292446732521057,0.8955775499343872,0.8081755042076111,0.6915914416313171,1.0015194416046143,0.828681468963623,0.42386019229888916,0.7487589120864868,1.0743474960327148,1.118862509727478,1.092152714729309,0.8127259016036987,0.5036572813987732,0.07928874343633652,0.5034534335136414,0.642598032951355,0.43080076575279236,0.6916313171386719,0.5348219871520996,0.058116815984249115,-0.12807446718215942,0.6191989183425903,0.25649863481521606,-0.08611253648996353,-0.30189642310142517,-0.23240748047828674,-0.6931268572807312,-0.5382920503616333,0.26940232515335083,-0.7381195425987244,-1.3767582178115845,-1.7180041074752808,-1.225864052772522,-0.8894962668418884,-0.3816929757595062,0.06865634769201279,-0.40095141530036926,-0.7799477577209473,-1.1282968521118164,-1.0360814332962036,-0.6015505194664001,-0.27108681201934814,1.0
75,0.9782910943031311,1.4622079133987427,1.2731479406356812,1.5526421070098877,0.8938671946525574,0.690157949924469,0.28668639063835144,1.3460519313812256,1.9101669788360596,1.7013217210769653,1.5361356735229492,1.0624784231185913,1.1199557781219482,0.40305405855178833,1.519012212753296,1.8590396642684937,1.8898745775222778,1.4196367263793945,1.0717741250991821,1.0188660621643066,0.7510020136833191,1.1920863389968872,1.4737358093261719,1.7655733823776245,0.5912196040153503,0.5593584775924683,0.7062292695045471,0.5210728645324707,0.7135919332504272,0.7134156823158264,1.1348562240600586,-0.06700247526168823,-0.014173119328916073,0.5870251059532166,0.4947257339954376,0.6792775392532349,-0.24962881207466125,-0.42704957723617554,-0.870727002620697,-0.30712810158729553,0.7866540551185608,0.9940590262413025,0.30937570333480835,-0.45422545075416565,-0.7867937684059143,-1.0123921632766724,-0.19010953605175018,0.7700779438018799,1.3302055597305298,1.0
76,0.5509746074676514,0.9353586435317993,0.9719207882881165,1.2689026594161987,0.7548850774765015,0.3496045768260956,0.16419605910778046,0.5635477304458618,1.3835866451263428,1.207680344581604,1.3088454008102417,0.9632970690727234,0.827842652797699,0.2130826711654663,0.21892982721328735,1.5160921812057495,1.5984115600585938,1.4000886678695679,0.9562060236930847,1.0394690036773682,0.36565446853637695,-0.22910308837890625,0.8976064920425415,1.097642183303833,0.8121218085289001,0.4181064963340759,0.716032087802887,0.20164771378040314,-0.40744778513908386,0.002642603823915124,0.3160497546195984,0.39148980379104614,0.1706332117319107,0.6545999050140381,0.42378658056259155,-0.5024330019950867,-0.7335522770881653,-0.7859653234481812,-0.8151177167892456,-0.22103607654571533,1.022732138633728,1.1542091369628906,-0.31069907546043396,-0.8032070994377136,-1.040982723236084,-0.8099767565727234,-0.38017579913139343,0.626203715801239,0.9453161954879761,1.0
77,-0.5072938203811646,-0.08837417513132095,0.3775189220905304,0.1730557531118393,-0.34342536330223083,-0.23628270626068115,-0.19581922888755798,-0.5533863306045532,0.024307021871209145,0.9336904883384705,0.9121281504631042,0.4568941295146942,0.12751539051532745,-0.30555301904678345,-0.10840800404548645,0.399130254983902,1.6875536441802979,1.5491746664047241,1.5411226749420166,0.8981453776359558,0.09889311343431473,0.04172557219862938,0.7212609648704529,2.0148332118988037,1.482661247253418,1.58571457862854,1.2765517234802246,0.5370227098464966,0.3198026418685913,1.0428065061569214,1.633472204208374,1.4208836555480957,1.603529453277588,0.757965624332428,0.16783741116523743,0.38962090015411377,1.0836623907089233,1.2940614223480225,1.2300455570220947,0.7155991196632385,-0.19000384211540222,-0.7533807754516602,0.49577662348747253,0.8880358934402466,0.9002057909965515,0.7274379730224609,0.028987683355808258,-0.329730749130249,-0.6635645627975464,1.0
78,-0.9957089424133301,-0.9066915512084961,0.015895236283540726,0.027004506438970566,-0.2301904708147049,-0.5541445016860962,-0.2708912491798401,-1.2050913572311401,-0.7828619480133057,0.9637179970741272,1.0647023916244507,0.8929218053817749,-0.13405218720436096,-0.3249259293079376,-0.20890316367149353,0.7957149744033813,2.716937780380249,2.1299307346343994,1.9109114408493042,1.3326921463012695,0.4024553894996643,0.012801672331988811,1.4436147212982178,3.1690988540649414,2.6454575061798096,2.451305627822876,1.8522744178771973,1.086591124534607,-0.3304530680179596,0.9539064764976501,2.523717164993286,2.3189687728881836,2.167229175567627,1.1393828392028809,0.35347455739974976,-0.669107973575592,-0.0845932811498642,1.2543232440948486,1.2899222373962402,0.6906123161315918,-0.5226731896400452,-0.8664191365242004,-0.5216389894485474,-0.6112294793128967,-0.02902975305914879,-0.1580391377210617,-0.36228543519973755,-0.8643490076065063,-0.9423910975456238,1.0
79,0.9660186767578125,0.836097240447998,0.8411999344825745,0.8784576654434204,0.7169064879417419,0.5783909559249878,0.38155418634414673,1.1791050434112549,1.3153331279754639,1.1387306451797485,0.9570364356040955,0.9668020606040955,1.0691989660263062,0.8642241954803467,0.6139237284660339,1.274956464767456,1.2472171783447266,1.3519339561462402,1.2943089008331299,1.4455931186676025,0.907307505607605,0.3346767723560333,0.9375825524330139,1.2988168001174927,1.4276988506317139,1.4954595565795898,1.3415534496307373,0.8763453960418701,0.07880991697311401,0.3327588438987732,0.5959699153900146,0.7343447208404541,1.020647406578064,1.1333388090133667,0.6024368405342102,-0.36468619108200073,-0.5077572464942932,-0.25701960921287537,0.06714093685150146,0.658006489276886,1.0863776206970215,0.7487810850143433,-0.20575283467769623,-0.5159577131271362,-0.645258367061615,-0.36990904808044434,-0.13412514328956604,0.4817546308040619,0.6954873204231262,1.0
80,1.213463544845581,1.3463060855865479,0.6305298209190369,0.3037116229534149,0.11512293666601181,0.6251096725463867,0.7729032635688782,1.2338229417800903,1.5255242586135864,0.895871639251709,0.17426037788391113,0.3472130596637726,1.3029820919036865,0.9660864472389221,0.18583983182907104,0.6918220520019531,0.6556703448295593,0.23542968928813934,0.31233468651771545,1.4253686666488647,0.9898212552070618,-0.4645005762577057,-0.08972224593162537,0.5397223234176636,0.5605598092079163,0.44551917910575867,1.4171682596206665,1.0236868858337402,-0.5589454174041748,-0.46106162667274475,0.088206946849823,-0.0031391142401844263,0.3137117624282837,1.1366982460021973,1.2460126876831055,-0.9799975752830505,-1.26665461063385,-0.5930774807929993,-0.6436179876327515,0.2754407227039337,1.6455367803573608,1.7480980157852173,-0.3151358664035797,-0.4107000231742859,-0.39955201745033264,-0.3660520911216736,0.14943498373031616,1.4213569164276123,1.4624946117401123,1.0
81,0.5414094924926758,0.6725918650627136,0.9061122536659241,0.8236184120178223,0.6691950559616089,0.4346311688423157,0.350238561630249,0.7690149545669556,1.4451168775558472,1.8268146514892578,1.359276294708252,1.1061657667160034,1.2605350017547607,0.6717800498008728,0.8066272735595703,1.5271062850952148,1.3671478033065796,1.0135818719863892,0.8169621229171753,1.6054787635803223,1.0430654287338257,0.47028231620788574,1.508157730102539,1.1918350458145142,0.6172050833702087,0.6964221596717834,1.3376034498214722,0.8758476376533508,-0.24987530708312988,0.22339937090873718,0.22534871101379395,0.07635445892810822,0.3119313716888428,1.0788031816482544,0.8770673274993896,-0.10614079982042313,-0.010511649772524834,-0.43585044145584106,-0.38544225692749023,-0.08614146709442139,1.5201014280319214,1.5751487016677856,-0.2263386994600296,-0.20443983376026154,-0.534705400466919,-0.5137302279472351,-0.1864248514175415,1.0874111652374268,1.3105123043060303,1.0
82,0.5443599820137024,0.7076697945594788,0.8340377807617188,0.7219999432563782,0.43024978041648865,0.20493283867835999,0.37587663531303406,0.6401830911636353,1.1192530393600464,1.226760745048523,0.87797611951828,0.6604481935501099,0.5878880023956299,0.3264528214931488,0.48798346519470215,1.1634896993637085,0.8466857671737671,0.64215487241745,0.3776845633983612,0.9086386561393738,0.603244960308075,0.3882913887500763,1.0551048517227173,0.6425496339797974,0.25574761629104614,0.20553676784038544,0.9139764904975891,0.576231062412262,0.09367303550243378,0.160416379570961,0.3619765639305115,-0.21440494060516357,-0.03785374015569687,0.7348796725273132,0.8573397397994995,-0.2633647918701172,-0.5697364807128906,-0.44198349118232727,-0.5694660544395447,-0.17080610990524292,1.2696017026901245,1.2627638578414917,-0.3466319143772125,-0.8668262362480164,-0.7702969908714294,-0.4604076147079468,0.007234444376081228,1.0381563901901245,1.0174199342727661,1.0
83,0.6949509978294373,0.6204037666320801,0.5316911935806274,0.29001373052597046,0.12044751644134521,0.5965292453765869,0.6609734296798706,0.828596293926239,1.2044590711593628,0.9259667992591858,0.5244154930114746,0.41473379731178284,1.2816020250320435,1.0123955011367798,0.7546629309654236,1.5943400859832764,1.581965684890747,1.3012800216674805,0.9239283204078674,1.7086595296859741,1.282961130142212,0.37386736273765564,0.926068902015686,1.247886300086975,1.385804533958435,0.8434038162231445,1.6506965160369873,1.133452296257019,0.11148995161056519,0.2732842266559601,0.5929954648017883,0.4291343092918396,0.3705439567565918,1.43600332736969,1.3119887113571167,-0.5526048541069031,-0.5619292855262756,-0.5571730732917786,-0.006749310530722141,0.37682992219924927,1.633406639099121,1.8206987380981445,-0.6861304044723511,-1.0434370040893555,-1.0930200815200806,-0.3810393512248993,0.17021214962005615,1.2819490432739258,1.5075420141220093,1.0
84,0.5920802354812622,0.7566505670547485,0.48226743936538696,0.6385368704795837,0.5224305391311646,0.6956720948219299,0.7727220058441162,0.6492819786071777,1.4336810111999512,0.8863275051116943,0.6658331751823425,0.9239791631698608,1.3843954801559448,1.0065058469772339,0.866244912147522,1.528637170791626,0.592634916305542,0.7842528223991394,0.9975041151046753,1.8685400485992432,1.5261743068695068,0.6414545178413391,1.1026761531829834,0.6504956483840942,0.28965625166893005,0.7550026178359985,1.491463303565979,1.484610915184021,0.10355382412672043,0.263601690530777,0.48166623711586,0.49620768427848816,0.5838090777397156,1.5726149082183838,1.416762351989746,-0.5834937691688538,-0.7062808871269226,-0.2162245213985443,-0.19834692776203156,0.5182569026947021,1.797439694404602,1.7090404033660889,-0.5160426497459412,-0.912082850933075,-0.4462401866912842,-0.16190767288208008,0.35785362124443054,1.1833900213241577,1.1377679109573364,1.0
85,0.8977422118186951,0.7580141425132751,0.33365797996520996,0.10202887654304504,0.13410285115242004,0.3238101899623871,0.547563374042511,1.2888814210891724,1.3971678018569946,1.2492783069610596,0.5307208299636841,0.7241730690002441,0.6947839856147766,0.6441847681999207,0.6508710384368896,1.4285013675689697,1.2797116041183472,1.296772837638855,0.8194893002510071,0.7330464124679565,0.6449788808822632,0.183998703956604,0.8572239875793457,1.1913208961486816,1.3991955518722534,0.8991652727127075,1.0133622884750366,0.7393028736114502,-0.22493340075016022,0.0790625736117363,0.6398300528526306,0.1619628518819809,0.4409579634666443,1.2523976564407349,1.1537795066833496,-0.8581413626670837,-1.1247365474700928,-0.563566267490387,-0.6973432302474976,0.16620519757270813,1.4790258407592773,1.5989258289337158,-0.5202187299728394,-0.6377125978469849,-0.292775422334671,-0.1534639447927475,0.5349212288856506,1.5009441375732422,1.3927335739135742,1.0
86,1.2510271072387695,1.8455007076263428,1.3697113990783691,0.7332417368888855,0.44201192259788513,0.9402840733528137,0.9587903618812561,2.0297327041625977,2.6060192584991455,1.8202550411224365,1.0539014339447021,1.0159856081008911,1.9751713275909424,1.633455514907837,1.5068203210830688,1.5456347465515137,0.665097177028656,0.11908337473869324,0.26995110511779785,1.8905293941497803,1.4817293882369995,0.4540237784385681,0.32348671555519104,0.16476717591285706,0.5455402731895447,0.9222734570503235,2.508096933364868,1.553629755973816,-0.3648799955844879,-0.9999628663063049,-0.45957887172698975,-0.17660509049892426,0.8836971521377563,2.3099138736724854,1.9979567527770996,-0.210251122713089,-0.7166244983673096,-0.6966331005096436,-0.33428633213043213,0.7163129448890686,2.584925413131714,2.265883207321167,-0.025465356186032295,-0.13390320539474487,-0.4276965856552124,-0.1952599138021469,0.7181620001792908,2.046095609664917,1.653981328010559,1.0
87,0.4605579972267151,0.5049029588699341,0.6523921489715576,0.7110332250595093,0.06791955977678299,-0.44523003697395325,-0.47693759202957153,0.7811728715896606,0.850169837474823,1.17216157913208,0.8945169448852539,0.6824279427528381,-0.03242316097021103,-0.017495770007371902,0.5166157484054565,0.9096636772155762,1.799554467201233,1.578366756439209,0.35047563910484314,-0.2477097362279892,-0.07414024323225021,0.37692612409591675,0.948172390460968,1.4490735530853271,1.5678220987319946,0.7338091731071472,0.27117228507995605,0.35135915875434875,0.28300410509109497,0.362704336643219,0.46540525555610657,0.43716955184936523,0.08761577308177948,0.1652117818593979,0.4098002016544342,-0.513449490070343,-1.067649483680725,-1.1737264394760132,-0.7763738632202148,-0.6921486854553223,0.19211138784885406,0.6886995434761047,-0.531690776348114,-1.2362111806869507,-1.2362282276153564,-0.9471297860145569,-0.7782580852508545,0.16143867373466492,0.5884713530540466,1.0
88,1.2833572626113892,1.273610234260559,0.91828453540802,0.6659781336784363,0.41897809505462646,0.880405068397522,0.9122660756111145,1.4737926721572876,1.8298112154006958,1.5997859239578247,0.8330422043800354,0.6523582935333252,1.1627718210220337,1.1351255178451538,0.8846024870872498,1.2426753044128418,1.7749277353286743,1.3440966606140137,1.1226001977920532,1.5051919221878052,1.028656244277954,0.6404705047607422,0.5743148922920227,1.312024474143982,1.193916916847229,1.050304889678955,1.6753307580947876,1.0173135995864868,0.4102950990200043,0.2645817697048187,1.0341497659683228,1.150929570198059,1.2344050407409668,1.9822683334350586,1.7431912422180176,0.8345111608505249,0.5100127458572388,0.2017415463924408,0.4947185218334198,0.8278296589851379,2.4273295402526855,2.39819598197937,0.3993264436721802,0.09018030762672424,-0.22564655542373657,0.11687463521957397,0.8300698399543762,1.9871482849121094,1.7898292541503906,1.0
89,1.0218875408172607,0.841844916343689,0.658598005771637,0.2994471788406372,0.08248668909072876,0.7106850743293762,0.7748070955276489,1.1220991611480713,1.5454391241073608,1.1542320251464844,0.40372851490974426,0.35466495156288147,1.0271397829055786,0.9627122282981873,0.8904593586921692,0.92014080286026,0.3951376974582672,0.3447539210319519,0.0223793126642704,0.9299177527427673,0.8449656367301941,0.43815311789512634,0.16833484172821045,0.006139774341136217,0.2851915657520294,0.47441327571868896,1.6128538846969604,1.3171207904815674,0.10165895521640778,-0.5363607406616211,-0.5125194191932678,-0.9115651845932007,0.1838899403810501,1.7833857536315918,1.997850775718689,-0.5252507328987122,-1.1211737394332886,-0.7826449275016785,-0.5200023651123047,0.7148997187614441,2.8738632202148438,2.745558500289917,-0.32820481061935425,-0.5479838252067566,-0.2361283302307129,-0.2903984785079956,0.6709262728691101,2.164250373840332,2.06705379486084,1.0
90,-1.1721824407577515,-1.2688084840774536,-0.5863997936248779,-0.2822611629962921,-0.18823036551475525,-0.2861284017562866,-0.1486714631319046,-1.1247265338897705,-1.1635305881500244,0.017809344455599785,0.5133689641952515,1.115950107574463,0.5295746922492981,0.04371145740151405,0.058752477169036865,0.34975677728652954,0.8311744332313538,0.684332013130188,1.582885503768921,1.1908103227615356,1.00913667678833,0.3161951005458832,0.5320860147476196,1.0323143005371094,0.5399796366691589,1.8617950677871704,2.035184383392334,1.7968106269836426,-0.29022422432899475,0.1013006865978241,0.49869614839553833,0.23315364122390747,1.493503451347351,1.7930712699890137,1.811997652053833,-1.0978742837905884,-0.9869060516357422,0.5313280820846558,0.28265875577926636,1.0131635665893555,1.1483203172683716,0.5790139436721802,-0.885081946849823,-1.0700550079345703,-0.069715715944767,0.15650267899036407,0.2718822956085205,0.19450174272060394,-0.2107878476381302,1.0
91,-0.6859838366508484,-0.7819159030914307,-0.3983285427093506,-0.09235751628875732,-0.2074638158082962,-0.43814703822135925,-0.3836510181427002,-0.3339349627494812,-0.3006180226802826,0.035653360188007355,0.4004330039024353,0.17355495691299438,-0.8488953709602356,-1.1195721626281738,0.453518271446228,1.0422860383987427,1.2575716972351074,0.8985506892204285,0.8240759372711182,-0.4569893181324005,-1.1029410362243652,0.8992106914520264,1.9701863527297974,2.477837324142456,1.5109895467758179,1.0425187349319458,-0.30073660612106323,-0.8782834410667419,0.7532554268836975,1.581819772720337,2.2893621921539307,1.3985270261764526,1.1637909412384033,-0.6381976008415222,-0.8339852690696716,0.22691866755485535,0.5239272713661194,0.9847981929779053,0.7910524606704712,0.6100228428840637,-0.8264166712760925,-0.9884224534034729,-0.09539861232042313,0.1278293877840042,0.15735049545764923,0.06586630642414093,-0.23929932713508606,-1.1154979467391968,-0.84745192527771,1.0
92,0.742921769618988,0.8298078775405884,1.304885745048523,1.1453919410705566,1.177406907081604,0.7355365753173828,0.37039509415626526,0.9928738474845886,1.3514612913131714,1.4257725477218628,1.340759515762329,1.2131526470184326,1.1923203468322754,0.6034355759620667,0.7992823123931885,1.4371368885040283,1.2699453830718994,1.2478541135787964,0.8094123601913452,1.391555666923523,0.8428456783294678,0.6458293199539185,1.2210685014724731,0.9159678816795349,0.7419998049736023,0.4623183608055115,0.9375383257865906,0.7478897571563721,0.11089861392974854,0.4047395586967468,0.4738078713417053,0.13386203348636627,0.1318741738796234,1.0696568489074707,1.0625336170196533,-0.32523494958877563,-0.11232352256774902,-0.4331555664539337,-0.5533767342567444,-0.33824753761291504,1.113752007484436,1.4122049808502197,-0.8246539831161499,-0.7375513911247253,-0.7058750987052917,-0.8090497851371765,-0.3253045976161957,1.18381929397583,1.247847080230713,1.0
93,0.35399460792541504,0.07728613913059235,0.3893861472606659,0.4604812562465668,0.13910067081451416,-0.02161102183163166,0.3264364004135132,0.2855209410190582,0.22131581604480743,0.6140722632408142,0.6954178214073181,0.6444526314735413,0.6989609599113464,0.4938051700592041,0.29165682196617126,0.8144059777259827,1.3390860557556152,1.669174075126648,1.5151495933532715,1.4387381076812744,0.879845380783081,0.22870536148548126,0.8724326491355896,1.4589563608169556,1.6010977029800415,1.2512215375900269,1.2526578903198242,0.7166764140129089,0.15333572030067444,0.7701024413108826,1.2457959651947021,0.920835018157959,0.8914873600006104,1.3556033372879028,1.2592192888259888,-0.41467976570129395,-0.2902960181236267,0.012834793888032436,0.11249903589487076,0.5730971097946167,2.3729867935180664,2.3439247608184814,-0.5960713028907776,-0.6107667684555054,-0.3083254396915436,-0.12488169968128204,0.690880298614502,2.088378667831421,1.9096856117248535,1.0
94,-0.273323655128479,-0.3193616569042206,0.12163855880498886,-0.03737109526991844,-0.3837321698665619,-0.5850732922554016,-0.2540643811225891,0.4061667025089264,0.70090651512146,1.3414751291275024,0.9506906270980835,0.35568681359291077,-0.8290767073631287,-0.6112944483757019,1.2278262376785278,1.8739968538284302,1.9390263557434082,1.442785382270813,1.0444320440292358,-0.05375692620873451,-0.35538074374198914,1.100510835647583,1.8929927349090576,1.889840006828308,0.8146253228187561,0.4569104015827179,0.2059098184108734,-0.08434384316205978,0.5294381976127625,1.1883320808410645,1.314441442489624,1.2554491758346558,1.2665410041809082,0.5937522649765015,0.2237883061170578,-0.13085375726222992,0.2861584722995758,1.090494990348816,1.1247376203536987,1.089242935180664,0.545111894607544,0.19894680380821228,-0.29777711629867554,-0.23753774166107178,0.5217527151107788,0.47587689757347107,0.3707828223705292,0.16861306130886078,0.10894851386547089,1.0
95,0.8012034893035889,0.8558834791183472,1.4966222047805786,1.3024139404296875,1.425612449645996,0.5256179571151733,-0.028203541412949562,0.7678599953651428,1.231558084487915,1.7620168924331665,1.6987981796264648,1.8199843168258667,1.408896565437317,0.5744953155517578,0.9614730477333069,1.6387532949447632,1.9584472179412842,1.9468799829483032,1.1715351343154907,1.1701288223266602,0.6842955350875854,0.7706795930862427,1.3260246515274048,1.5457417964935303,1.6928644180297852,1.0346132516860962,0.8779521584510803,0.6592169404029846,0.12157769501209259,0.48006975650787354,0.6177467703819275,1.0878033638000488,1.0520997047424316,1.1037307977676392,0.6218834519386292,-0.42514434456825256,-0.07250979542732239,-0.21771912276744843,0.5702986717224121,0.6157020926475525,1.4969974756240845,1.2468132972717285,-0.8479282855987549,-0.8870249390602112,-0.6350042819976807,0.08956808596849442,0.14822685718536377,0.9698965549468994,1.0558886528015137,1.0
96,-1.116028904914856,-1.0666465759277344,-0.6276865601539612,-0.7801427245140076,-0.886460542678833,-0.6648927927017212,-0.277877539396286,-0.6123675107955933,-0.42600321769714355,0.08226871490478516,-0.01552508119493723,-0.22472096979618073,-0.26124897599220276,0.019980352371931076,0.6086675524711609,1.513312816619873,1.3454315662384033,0.8200249671936035,0.7425643801689148,0.29807421565055847,0.5040501952171326,0.7952430248260498,1.5460889339447021,1.569523811340332,0.5264769196510315,0.9469355344772339,0.8033738136291504,1.0613465309143066,0.20362821221351624,0.6750556826591492,0.8194496035575867,0.5449379086494446,1.0095527172088623,0.9280043840408325,0.9241889715194702,0.11191825568675995,0.3317391574382782,1.1056336164474487,1.0851435661315918,1.4259531497955322,1.010683298110962,0.590256929397583,0.1103113517165184,0.3755604326725006,0.35102519392967224,0.35377782583236694,0.7674435377120972,0.46844717860221863,0.14887025952339172,1.0
97,0.6714416146278381,0.6055644154548645,0.5914274454116821,0.3005741536617279,0.6207241415977478,1.1282148361206055,0.9692938327789307,0.8330944776535034,0.8048993945121765,0.6003701090812683,0.291841059923172,0.640404462814331,1.3112152814865112,1.0736415386199951,0.6044732332229614,0.9393884539604187,1.642412543296814,1.7725768089294434,1.3159358501434326,1.4005614519119263,1.1230841875076294,0.02139061503112316,0.3507060408592224,1.2229788303375244,1.2574489116668701,1.3613603115081787,1.601000189781189,1.2366372346878052,-0.29502052068710327,-0.3021952509880066,0.30973929166793823,0.6228960156440735,0.9476017355918884,1.479082703590393,1.338979721069336,-0.2933606505393982,-0.7262865304946899,-0.6820637583732605,-0.21593303978443146,0.6490569710731506,1.9970409870147705,1.9777004718780518,-0.11865710467100143,-0.2003135234117508,-0.36023807525634766,-0.06845545768737793,0.6140859723091125,1.7567561864852905,1.5684653520584106,1.0
98,1.1935124397277832,1.1569496393203735,0.7261130213737488,0.6868981122970581,0.6941569447517395,1.006090760231018,0.7870315313339233,1.3729952573776245,1.62441885471344,1.3088688850402832,0.9525874257087708,1.1404128074645996,1.534174919128418,0.9662727117538452,0.8426554203033447,1.6311784982681274,1.8914400339126587,1.9560155868530273,1.592908263206482,1.527950406074524,0.8890069723129272,0.5097138285636902,0.9877981543540955,1.772942066192627,1.8313360214233398,1.405404806137085,1.6541388034820557,1.194342017173767,0.037909287959337234,0.39648324251174927,0.8579027652740479,0.9782994389533997,1.0546059608459473,1.9541914463043213,1.8534339666366577,-0.22215308248996735,-0.17509125173091888,-0.16512928903102875,0.2921566963195801,1.2021470069885254,2.9564199447631836,2.6920111179351807,-0.031836021691560745,0.05215269327163696,-0.29812178015708923,0.03944617509841919,0.9230968356132507,2.2651290893554688,2.1153156757354736,1.0
99,0.4123277962207794,0.7649160027503967,1.192030429840088,1.0309507846832275,0.6403711438179016,0.593247652053833,0.32472842931747437,0.372614324092865,0.9519352316856384,0.7922164797782898,0.4891301989555359,0.04648080840706825,0.3521675169467926,0.5179694294929504,0.24610312283039093,1.0131449699401855,1.2359036207199097,0.3955422043800354,-0.22752061486244202,-0.17539860308170319,0.20373009145259857,-0.016319628804922104,0.41423341631889343,0.7787685394287109,0.7574885487556458,-0.25123128294944763,-0.17232024669647217,-0.2339569628238678,-0.29270103573799133,-0.28093257546424866,0.39181721210479736,0.5453505516052246,-0.2477453649044037,-0.04880654439330101,-0.2536197602748871,-0.38619738817214966,-0.9243687987327576,-0.2690027952194214,-0.1259978860616684,-0.11558257788419724,0.3061038553714752,0.08877643942832947,-0.09790953993797302,-0.7695733308792114,-0.8692442178726196,-1.0241752862930298,-0.7120041251182556,-0.16946907341480255,-0.04415981471538544,1.0
